when,email,code,detail
2023-01-01T00:00:00Z,ops@cg-alert.com,2025-10-11T08:41:51.405Z,Undelivered Mail Returned to Sender
2023-01-01T00:00:00Z,ops@cg-alert.com,2025-10-11T08:42:37.393Z,Undelivered Mail Returned to Sender
2023-01-01T00:00:00Z,ops@cg-alert.com,2025-10-11T08:52:36.050Z,Undelivered Mail Returned to Sender
2023-01-01T00:00:00Z,ops@cg-alert.com,2025-10-11T09:17:48.821Z,Undelivered Mail Returned to Sender
2023-01-01T00:00:00Z,ops@cg-alert.com,2025-10-11T09:36:36.445Z,Undelivered Mail Returned to Sender
2023-01-01T00:00:00Z,ops@cg-alert.com,2025-10-11T09:51:20.345Z,Undelivered Mail Returned to Sender
2023-01-01T00:00:00Z,ops@cg-alert.com,2025-10-11T10:18:17.796Z,Undelivered Mail Returned to Sender
2023-01-01T00:00:00Z,ops@cg-alert.com,2025-10-11T10:23:53.732Z,Undelivered Mail Returned to Sender
2023-01-01T00:00:00Z,ops@cg-alert.com,2025-10-11T10:39:07.026Z,Undelivered Mail Returned to Sender
2023-01-01T00:00:00Z,ops@cg-alert.com,2025-10-11T10:51:30.043Z,Undelivered Mail Returned to Sender
2023-01-01T00:00:00Z,ops@cg-alert.com,2025-10-11T11:14:16.217Z,Undelivered Mail Returned to Sender
2023-01-01T00:00:00Z,ops@cg-alert.com,2025-10-11T11:25:44.257Z,Undelivered Mail Returned to Sender
2023-01-01T00:00:00Z,ops@cg-alert.com,2025-10-11T11:38:05.472Z,Undelivered Mail Returned to Sender
2023-01-01T00:00:00Z,ops@cg-alert.com,2025-10-11T11:50:46.971Z,Undelivered Mail Returned to Sender
2023-01-01T00:00:00Z,ops@cg-alert.com,2025-10-11T12:35:45.616Z,Undelivered Mail Returned to Sender
2023-01-01T00:00:00Z,ops@cg-alert.com,2025-10-11T13:03:13.694Z,Undelivered Mail Returned to Sender
2023-01-01T00:00:00Z,ops@cg-alert.com,2025-10-11T13:29:53.582Z,Undelivered Mail Returned to Sender
2023-01-01T00:00:00Z,ops@cg-alert.com,2025-10-11T13:40:24.792Z,Undelivered Mail Returned to Sender
2023-01-01T00:00:00Z,ops@cg-alert.com,2025-10-11T13:51:35.530Z,Undelivered Mail Returned to Sender
2023-01-01T00:00:00Z,ops@cg-alert.com,2025-10-11T14:14:59.011Z,Undelivered Mail Returned to Sender
2023-01-01T00:00:00Z,ops@cg-alert.com,2025-10-11T14:29:47.623Z,Undelivered Mail Returned to Sender
2023-01-01T00:00:00Z,ops@cg-alert.com,2025-10-11T14:40:22.077Z,Undelivered Mail Returned to Sender
2023-01-01T00:00:00Z,ops@cg-alert.com,2025-10-11T14:50:55.549Z,Undelivered Mail Returned to Sender
2023-01-01T00:00:00Z,ops@cg-alert.com,2025-10-11T15:16:15.567Z,Undelivered Mail Returned to Sender
2023-01-01T00:00:00Z,procurement@asana.com,2025-10-11T15:16:15.941Z,Delivery Status Notification (Failure)
2023-01-01T00:00:00Z,outreach@mail2.cg-alert.com,2025-10-11T15:16:16.059Z,Undelivered Mail Returned to Sender
2023-01-01T00:00:00Z,legal@github.com,2025-10-11T15:16:16.203Z,Delivery Status Notification (Failure)
2023-01-01T00:00:00Z,vendor@stripe.com,2025-10-11T15:16:16.334Z,Delivery Status Notification (Failure)
2023-01-01T00:00:00Z,outreach@mail.cg-alert.com,2025-10-11T15:16:16.456Z,Undelivered Mail Returned to Sender
2023-01-01T00:00:00Z,purchasing@snowflake.com,2025-10-11T15:16:16.585Z,Delivery Status Notification (Failure)
2023-01-01T00:00:00Z,ops@cg-alert.com,2025-10-11T15:37:12.898Z,Undelivered Mail Returned to Sender
2023-01-01T00:00:00Z,procurement@asana.com,2025-10-11T15:37:13.197Z,Delivery Status Notification (Failure)
2023-01-01T00:00:00Z,outreach@mail2.cg-alert.com,2025-10-11T15:37:13.323Z,Undelivered Mail Returned to Sender
2023-01-01T00:00:00Z,legal@github.com,2025-10-11T15:37:13.455Z,Delivery Status Notification (Failure)
2023-01-01T00:00:00Z,vendor@stripe.com,2025-10-11T15:37:13.576Z,Delivery Status Notification (Failure)
2023-01-01T00:00:00Z,outreach@mail.cg-alert.com,2025-10-11T15:37:13.693Z,Undelivered Mail Returned to Sender
2023-01-01T00:00:00Z,purchasing@snowflake.com,2025-10-11T15:37:13.826Z,Delivery Status Notification (Failure)
2023-01-01T00:00:00Z,outreach@mail2.cg-alert.com,2025-10-11T15:37:13.946Z,Undelivered Mail Returned to Sender
2023-01-01T00:00:00Z,legal@github.com,2025-10-11T15:37:14.067Z,Delivery Status Notification (Failure)
2023-01-01T00:00:00Z,outreach@mail.cg-alert.com,2025-10-11T15:37:14.191Z,Undelivered Mail Returned to Sender
2023-01-01T00:00:00Z,purchasing@snowflake.com,2025-10-11T15:37:14.308Z,Delivery Status Notification (Failure)
2023-01-01T00:00:00Z,vendor@stripe.com,2025-10-11T15:37:14.426Z,Delivery Status Notification (Failure)
2023-01-01T00:00:00Z,ops@cg-alert.com,2025-10-11T15:51:29.080Z,Undelivered Mail Returned to Sender
2023-01-01T00:00:00Z,procurement@asana.com,2025-10-11T15:51:29.388Z,Delivery Status Notification (Failure)
2023-01-01T00:00:00Z,outreach@mail2.cg-alert.com,2025-10-11T15:51:29.497Z,Undelivered Mail Returned to Sender
2023-01-01T00:00:00Z,legal@github.com,2025-10-11T15:51:29.610Z,Delivery Status Notification (Failure)
2023-01-01T00:00:00Z,vendor@stripe.com,2025-10-11T15:51:29.718Z,Delivery Status Notification (Failure)
2023-01-01T00:00:00Z,outreach@mail.cg-alert.com,2025-10-11T15:51:29.817Z,Undelivered Mail Returned to Sender
2023-01-01T00:00:00Z,purchasing@snowflake.com,2025-10-11T15:51:29.925Z,Delivery Status Notification (Failure)
2023-01-01T00:00:00Z,outreach@mail2.cg-alert.com,2025-10-11T15:51:30.026Z,Undelivered Mail Returned to Sender
2023-01-01T00:00:00Z,legal@github.com,2025-10-11T15:51:30.134Z,Delivery Status Notification (Failure)
2023-01-01T00:00:00Z,outreach@mail.cg-alert.com,2025-10-11T15:51:30.236Z,Undelivered Mail Returned to Sender
2023-01-01T00:00:00Z,purchasing@snowflake.com,2025-10-11T15:51:30.343Z,Delivery Status Notification (Failure)
2023-01-01T00:00:00Z,vendor@stripe.com,2025-10-11T15:51:30.448Z,Delivery Status Notification (Failure)
2023-01-01T00:00:00Z,outreach@mail2.cg-alert.com,2025-10-11T15:51:30.542Z,Undelivered Mail Returned to Sender
2023-01-01T00:00:00Z,legal@github.com,2025-10-11T15:51:30.645Z,Delivery Status Notification (Failure)
2023-01-01T00:00:00Z,vendor@stripe.com,2025-10-11T15:51:30.752Z,Delivery Status Notification (Failure)
2023-01-01T00:00:00Z,outreach@mail.cg-alert.com,2025-10-11T15:51:30.851Z,Undelivered Mail Returned to Sender
2023-01-01T00:00:00Z,ops@cg-alert.com,2025-10-11T16:21:02.623Z,Undelivered Mail Returned to Sender
2023-01-01T00:00:00Z,procurement@asana.com,2025-10-11T16:21:02.922Z,Delivery Status Notification (Failure)
2023-01-01T00:00:00Z,outreach@mail2.cg-alert.com,2025-10-11T16:21:03.022Z,Undelivered Mail Returned to Sender
2023-01-01T00:00:00Z,legal@github.com,2025-10-11T16:21:03.136Z,Delivery Status Notification (Failure)
2023-01-01T00:00:00Z,vendor@stripe.com,2025-10-11T16:21:03.231Z,Delivery Status Notification (Failure)
2023-01-01T00:00:00Z,outreach@mail.cg-alert.com,2025-10-11T16:21:03.332Z,Undelivered Mail Returned to Sender
2023-01-01T00:00:00Z,purchasing@snowflake.com,2025-10-11T16:21:03.435Z,Delivery Status Notification (Failure)
2023-01-01T00:00:00Z,outreach@mail2.cg-alert.com,2025-10-11T16:21:03.759Z,Undelivered Mail Returned to Sender
2023-01-01T00:00:00Z,legal@github.com,2025-10-11T16:21:03.881Z,Delivery Status Notification (Failure)
2023-01-01T00:00:00Z,outreach@mail.cg-alert.com,2025-10-11T16:21:03.974Z,Undelivered Mail Returned to Sender
2023-01-01T00:00:00Z,purchasing@snowflake.com,2025-10-11T16:21:04.081Z,Delivery Status Notification (Failure)
2023-01-01T00:00:00Z,vendor@stripe.com,2025-10-11T16:21:04.175Z,Delivery Status Notification (Failure)
2023-01-01T00:00:00Z,outreach@mail2.cg-alert.com,2025-10-11T16:21:04.274Z,Undelivered Mail Returned to Sender
2023-01-01T00:00:00Z,legal@github.com,2025-10-11T16:21:04.370Z,Delivery Status Notification (Failure)
2023-01-01T00:00:00Z,vendor@stripe.com,2025-10-11T16:21:04.464Z,Delivery Status Notification (Failure)
2023-01-01T00:00:00Z,outreach@mail.cg-alert.com,2025-10-11T16:21:04.564Z,Undelivered Mail Returned to Sender
2023-01-01T00:00:00Z,ops@cg-alert.com,2025-10-11T16:40:57.960Z,Undelivered Mail Returned to Sender
2023-01-01T00:00:00Z,procurement@asana.com,2025-10-11T16:40:58.251Z,Delivery Status Notification (Failure)
2023-01-01T00:00:00Z,outreach@mail2.cg-alert.com,2025-10-11T16:40:58.349Z,Undelivered Mail Returned to Sender
2023-01-01T00:00:00Z,legal@github.com,2025-10-11T16:40:58.451Z,Delivery Status Notification (Failure)
2023-01-01T00:00:00Z,vendor@stripe.com,2025-10-11T16:40:58.549Z,Delivery Status Notification (Failure)
2023-01-01T00:00:00Z,outreach@mail.cg-alert.com,2025-10-11T16:40:58.650Z,Undelivered Mail Returned to Sender
2023-01-01T00:00:00Z,purchasing@snowflake.com,2025-10-11T16:40:58.759Z,Delivery Status Notification (Failure)
2023-01-01T00:00:00Z,outreach@mail2.cg-alert.com,2025-10-11T16:40:58.863Z,Undelivered Mail Returned to Sender
2023-01-01T00:00:00Z,legal@github.com,2025-10-11T16:40:58.961Z,Delivery Status Notification (Failure)
2023-01-01T00:00:00Z,outreach@mail.cg-alert.com,2025-10-11T16:40:59.059Z,Undelivered Mail Returned to Sender
2023-01-01T00:00:00Z,purchasing@snowflake.com,2025-10-11T16:40:59.156Z,Delivery Status Notification (Failure)
2023-01-01T00:00:00Z,vendor@stripe.com,2025-10-11T16:40:59.256Z,Delivery Status Notification (Failure)
2023-01-01T00:00:00Z,outreach@mail2.cg-alert.com,2025-10-11T16:40:59.350Z,Undelivered Mail Returned to Sender
2023-01-01T00:00:00Z,legal@github.com,2025-10-11T16:40:59.445Z,Delivery Status Notification (Failure)
2023-01-01T00:00:00Z,vendor@stripe.com,2025-10-11T16:40:59.543Z,Delivery Status Notification (Failure)
2023-01-01T00:00:00Z,outreach@mail.cg-alert.com,2025-10-11T16:40:59.643Z,Undelivered Mail Returned to Sender
2023-01-01T00:00:00Z,ops@cg-alert.com,2025-10-11T16:51:48.105Z,Undelivered Mail Returned to Sender
2023-01-01T00:00:00Z,procurement@asana.com,2025-10-11T16:51:48.384Z,Delivery Status Notification (Failure)
2023-01-01T00:00:00Z,outreach@mail2.cg-alert.com,2025-10-11T16:51:48.480Z,Undelivered Mail Returned to Sender
2023-01-01T00:00:00Z,legal@github.com,2025-10-11T16:51:48.589Z,Delivery Status Notification (Failure)
2023-01-01T00:00:00Z,vendor@stripe.com,2025-10-11T16:51:48.693Z,Delivery Status Notification (Failure)
2023-01-01T00:00:00Z,outreach@mail.cg-alert.com,2025-10-11T16:51:48.798Z,Undelivered Mail Returned to Sender
2023-01-01T00:00:00Z,purchasing@snowflake.com,2025-10-11T16:51:48.907Z,Delivery Status Notification (Failure)
2023-01-01T00:00:00Z,outreach@mail2.cg-alert.com,2025-10-11T16:51:49.009Z,Undelivered Mail Returned to Sender
2023-01-01T00:00:00Z,legal@github.com,2025-10-11T16:51:49.111Z,Delivery Status Notification (Failure)
2023-01-01T00:00:00Z,outreach@mail.cg-alert.com,2025-10-11T16:51:49.204Z,Undelivered Mail Returned to Sender
2023-01-01T00:00:00Z,purchasing@snowflake.com,2025-10-11T16:51:49.307Z,Delivery Status Notification (Failure)
2023-01-01T00:00:00Z,vendor@stripe.com,2025-10-11T16:51:49.410Z,Delivery Status Notification (Failure)
2023-01-01T00:00:00Z,outreach@mail2.cg-alert.com,2025-10-11T16:51:49.501Z,Undelivered Mail Returned to Sender
2023-01-01T00:00:00Z,legal@github.com,2025-10-11T16:51:49.599Z,Delivery Status Notification (Failure)
2023-01-01T00:00:00Z,vendor@stripe.com,2025-10-11T16:51:49.696Z,Delivery Status Notification (Failure)
2023-01-01T00:00:00Z,outreach@mail.cg-alert.com,2025-10-11T16:51:49.791Z,Undelivered Mail Returned to Sender
2023-01-01T00:00:00Z,ops@cg-alert.com,2025-10-11T17:14:27.478Z,Undelivered Mail Returned to Sender
2023-01-01T00:00:00Z,procurement@asana.com,2025-10-11T17:14:27.912Z,Delivery Status Notification (Failure)
2023-01-01T00:00:00Z,outreach@mail2.cg-alert.com,2025-10-11T17:14:28.098Z,Undelivered Mail Returned to Sender
2023-01-01T00:00:00Z,legal@github.com,2025-10-11T17:14:28.287Z,Delivery Status Notification (Failure)
2023-01-01T00:00:00Z,vendor@stripe.com,2025-10-11T17:14:28.475Z,Delivery Status Notification (Failure)
2023-01-01T00:00:00Z,outreach@mail.cg-alert.com,2025-10-11T17:14:28.656Z,Undelivered Mail Returned to Sender
2023-01-01T00:00:00Z,purchasing@snowflake.com,2025-10-11T17:14:28.839Z,Delivery Status Notification (Failure)
2023-01-01T00:00:00Z,outreach@mail2.cg-alert.com,2025-10-11T17:14:29.025Z,Undelivered Mail Returned to Sender
2023-01-01T00:00:00Z,legal@github.com,2025-10-11T17:14:29.217Z,Delivery Status Notification (Failure)
2023-01-01T00:00:00Z,outreach@mail.cg-alert.com,2025-10-11T17:14:29.400Z,Undelivered Mail Returned to Sender
2023-01-01T00:00:00Z,purchasing@snowflake.com,2025-10-11T17:14:29.581Z,Delivery Status Notification (Failure)
2023-01-01T00:00:00Z,vendor@stripe.com,2025-10-11T17:14:29.764Z,Delivery Status Notification (Failure)
2023-01-01T00:00:00Z,outreach@mail2.cg-alert.com,2025-10-11T17:14:29.943Z,Undelivered Mail Returned to Sender
2023-01-01T00:00:00Z,legal@github.com,2025-10-11T17:14:30.127Z,Delivery Status Notification (Failure)
2023-01-01T00:00:00Z,vendor@stripe.com,2025-10-11T17:14:30.308Z,Delivery Status Notification (Failure)
2023-01-01T00:00:00Z,outreach@mail.cg-alert.com,2025-10-11T17:14:30.486Z,Undelivered Mail Returned to Sender
2023-01-01T00:00:00Z,ops@cg-alert.com,2025-10-11T17:28:54.877Z,Undelivered Mail Returned to Sender
2023-01-01T00:00:00Z,procurement@asana.com,2025-10-11T17:28:55.159Z,Delivery Status Notification (Failure)
2023-01-01T00:00:00Z,outreach@mail2.cg-alert.com,2025-10-11T17:28:55.255Z,Undelivered Mail Returned to Sender
2023-01-01T00:00:00Z,legal@github.com,2025-10-11T17:28:55.361Z,Delivery Status Notification (Failure)
2023-01-01T00:00:00Z,vendor@stripe.com,2025-10-11T17:28:55.455Z,Delivery Status Notification (Failure)
2023-01-01T00:00:00Z,outreach@mail.cg-alert.com,2025-10-11T17:28:55.552Z,Undelivered Mail Returned to Sender
2023-01-01T00:00:00Z,purchasing@snowflake.com,2025-10-11T17:28:55.683Z,Delivery Status Notification (Failure)
2023-01-01T00:00:00Z,outreach@mail2.cg-alert.com,2025-10-11T17:28:55.775Z,Undelivered Mail Returned to Sender
2023-01-01T00:00:00Z,legal@github.com,2025-10-11T17:28:55.873Z,Delivery Status Notification (Failure)
2023-01-01T00:00:00Z,outreach@mail.cg-alert.com,2025-10-11T17:28:55.967Z,Undelivered Mail Returned to Sender
2023-01-01T00:00:00Z,purchasing@snowflake.com,2025-10-11T17:28:56.081Z,Delivery Status Notification (Failure)
2023-01-01T00:00:00Z,vendor@stripe.com,2025-10-11T17:28:56.179Z,Delivery Status Notification (Failure)
2023-01-01T00:00:00Z,outreach@mail2.cg-alert.com,2025-10-11T17:28:56.269Z,Undelivered Mail Returned to Sender
2023-01-01T00:00:00Z,legal@github.com,2025-10-11T17:28:56.405Z,Delivery Status Notification (Failure)
2023-01-01T00:00:00Z,vendor@stripe.com,2025-10-11T17:28:56.496Z,Delivery Status Notification (Failure)
2023-01-01T00:00:00Z,outreach@mail.cg-alert.com,2025-10-11T17:28:56.591Z,Undelivered Mail Returned to Sender
2023-01-01T00:00:00Z,ops@cg-alert.com,2025-10-11T17:39:38.425Z,Undelivered Mail Returned to Sender
2023-01-01T00:00:00Z,procurement@asana.com,2025-10-11T17:39:38.719Z,Delivery Status Notification (Failure)
2023-01-01T00:00:00Z,outreach@mail2.cg-alert.com,2025-10-11T17:39:38.812Z,Undelivered Mail Returned to Sender
2023-01-01T00:00:00Z,legal@github.com,2025-10-11T17:39:38.920Z,Delivery Status Notification (Failure)
2023-01-01T00:00:00Z,vendor@stripe.com,2025-10-11T17:39:39.021Z,Delivery Status Notification (Failure)
2023-01-01T00:00:00Z,outreach@mail.cg-alert.com,2025-10-11T17:39:39.120Z,Undelivered Mail Returned to Sender
2023-01-01T00:00:00Z,purchasing@snowflake.com,2025-10-11T17:39:39.223Z,Delivery Status Notification (Failure)
2023-01-01T00:00:00Z,outreach@mail2.cg-alert.com,2025-10-11T17:39:39.322Z,Undelivered Mail Returned to Sender
2023-01-01T00:00:00Z,legal@github.com,2025-10-11T17:39:39.416Z,Delivery Status Notification (Failure)
2023-01-01T00:00:00Z,outreach@mail.cg-alert.com,2025-10-11T17:39:39.508Z,Undelivered Mail Returned to Sender
2023-01-01T00:00:00Z,purchasing@snowflake.com,2025-10-11T17:39:39.605Z,Delivery Status Notification (Failure)
2023-01-01T00:00:00Z,vendor@stripe.com,2025-10-11T17:39:39.700Z,Delivery Status Notification (Failure)
2023-01-01T00:00:00Z,outreach@mail2.cg-alert.com,2025-10-11T17:39:39.793Z,Undelivered Mail Returned to Sender
2023-01-01T00:00:00Z,legal@github.com,2025-10-11T17:39:39.885Z,Delivery Status Notification (Failure)
2023-01-01T00:00:00Z,vendor@stripe.com,2025-10-11T17:39:39.979Z,Delivery Status Notification (Failure)
2023-01-01T00:00:00Z,outreach@mail.cg-alert.com,2025-10-11T17:39:40.077Z,Undelivered Mail Returned to Sender
2023-01-01T00:00:00Z,ops@cg-alert.com,2025-10-11T17:51:25.706Z,Undelivered Mail Returned to Sender
2023-01-01T00:00:00Z,procurement@asana.com,2025-10-11T17:51:26.094Z,Delivery Status Notification (Failure)
2023-01-01T00:00:00Z,outreach@mail2.cg-alert.com,2025-10-11T17:51:26.272Z,Undelivered Mail Returned to Sender
2023-01-01T00:00:00Z,legal@github.com,2025-10-11T17:51:26.465Z,Delivery Status Notification (Failure)
2023-01-01T00:00:00Z,vendor@stripe.com,2025-10-11T17:51:26.658Z,Delivery Status Notification (Failure)
2023-01-01T00:00:00Z,outreach@mail.cg-alert.com,2025-10-11T17:51:26.864Z,Undelivered Mail Returned to Sender
2023-01-01T00:00:00Z,purchasing@snowflake.com,2025-10-11T17:51:27.053Z,Delivery Status Notification (Failure)
2023-01-01T00:00:00Z,outreach@mail2.cg-alert.com,2025-10-11T17:51:27.234Z,Undelivered Mail Returned to Sender
2023-01-01T00:00:00Z,legal@github.com,2025-10-11T17:51:27.409Z,Delivery Status Notification (Failure)
2023-01-01T00:00:00Z,outreach@mail.cg-alert.com,2025-10-11T17:51:27.593Z,Undelivered Mail Returned to Sender
2023-01-01T00:00:00Z,purchasing@snowflake.com,2025-10-11T17:51:27.772Z,Delivery Status Notification (Failure)
2023-01-01T00:00:00Z,vendor@stripe.com,2025-10-11T17:51:27.955Z,Delivery Status Notification (Failure)
2023-01-01T00:00:00Z,outreach@mail2.cg-alert.com,2025-10-11T17:51:28.344Z,Undelivered Mail Returned to Sender
2023-01-01T00:00:00Z,legal@github.com,2025-10-11T17:51:28.540Z,Delivery Status Notification (Failure)
2023-01-01T00:00:00Z,vendor@stripe.com,2025-10-11T17:51:28.720Z,Delivery Status Notification (Failure)
2023-01-01T00:00:00Z,outreach@mail.cg-alert.com,2025-10-11T17:51:28.905Z,Undelivered Mail Returned to Sender
2023-01-01T00:00:00Z,ops@cg-alert.com,2025-10-11T18:23:35.172Z,Undelivered Mail Returned to Sender
2023-01-01T00:00:00Z,procurement@asana.com,2025-10-11T18:23:35.604Z,Delivery Status Notification (Failure)
2023-01-01T00:00:00Z,outreach@mail2.cg-alert.com,2025-10-11T18:23:35.801Z,Undelivered Mail Returned to Sender
2023-01-01T00:00:00Z,legal@github.com,2025-10-11T18:23:35.989Z,Delivery Status Notification (Failure)
2023-01-01T00:00:00Z,vendor@stripe.com,2025-10-11T18:23:36.179Z,Delivery Status Notification (Failure)
2023-01-01T00:00:00Z,outreach@mail.cg-alert.com,2025-10-11T18:23:36.369Z,Undelivered Mail Returned to Sender
2023-01-01T00:00:00Z,purchasing@snowflake.com,2025-10-11T18:23:36.557Z,Delivery Status Notification (Failure)
2023-01-01T00:00:00Z,outreach@mail2.cg-alert.com,2025-10-11T18:23:36.751Z,Undelivered Mail Returned to Sender
2023-01-01T00:00:00Z,legal@github.com,2025-10-11T18:23:36.936Z,Delivery Status Notification (Failure)
2023-01-01T00:00:00Z,outreach@mail.cg-alert.com,2025-10-11T18:23:37.118Z,Undelivered Mail Returned to Sender
2023-01-01T00:00:00Z,purchasing@snowflake.com,2025-10-11T18:23:37.299Z,Delivery Status Notification (Failure)
2023-01-01T00:00:00Z,vendor@stripe.com,2025-10-11T18:23:37.486Z,Delivery Status Notification (Failure)
2023-01-01T00:00:00Z,outreach@mail2.cg-alert.com,2025-10-11T18:23:37.671Z,Undelivered Mail Returned to Sender
2023-01-01T00:00:00Z,legal@github.com,2025-10-11T18:23:37.851Z,Delivery Status Notification (Failure)
2023-01-01T00:00:00Z,vendor@stripe.com,2025-10-11T18:23:38.036Z,Delivery Status Notification (Failure)
2023-01-01T00:00:00Z,outreach@mail.cg-alert.com,2025-10-11T18:23:38.217Z,Undelivered Mail Returned to Sender
2023-01-01T00:00:00Z,ops@cg-alert.com,2025-10-11T18:42:07.894Z,Undelivered Mail Returned to Sender
2023-01-01T00:00:00Z,procurement@asana.com,2025-10-11T18:42:08.196Z,Delivery Status Notification (Failure)
2023-01-01T00:00:00Z,outreach@mail2.cg-alert.com,2025-10-11T18:42:08.306Z,Undelivered Mail Returned to Sender
2023-01-01T00:00:00Z,legal@github.com,2025-10-11T18:42:08.415Z,Delivery Status Notification (Failure)
2023-01-01T00:00:00Z,vendor@stripe.com,2025-10-11T18:42:08.525Z,Delivery Status Notification (Failure)
2023-01-01T00:00:00Z,outreach@mail.cg-alert.com,2025-10-11T18:42:08.632Z,Undelivered Mail Returned to Sender
2023-01-01T00:00:00Z,purchasing@snowflake.com,2025-10-11T18:42:08.741Z,Delivery Status Notification (Failure)
2023-01-01T00:00:00Z,outreach@mail2.cg-alert.com,2025-10-11T18:42:08.850Z,Undelivered Mail Returned to Sender
2023-01-01T00:00:00Z,legal@github.com,2025-10-11T18:42:08.954Z,Delivery Status Notification (Failure)
2023-01-01T00:00:00Z,outreach@mail.cg-alert.com,2025-10-11T18:42:09.064Z,Undelivered Mail Returned to Sender
2023-01-01T00:00:00Z,purchasing@snowflake.com,2025-10-11T18:42:09.172Z,Delivery Status Notification (Failure)
2023-01-01T00:00:00Z,vendor@stripe.com,2025-10-11T18:42:09.276Z,Delivery Status Notification (Failure)
2023-01-01T00:00:00Z,outreach@mail2.cg-alert.com,2025-10-11T18:42:09.375Z,Undelivered Mail Returned to Sender
2023-01-01T00:00:00Z,legal@github.com,2025-10-11T18:42:09.478Z,Delivery Status Notification (Failure)
2023-01-01T00:00:00Z,vendor@stripe.com,2025-10-11T18:42:09.577Z,Delivery Status Notification (Failure)
2023-01-01T00:00:00Z,outreach@mail.cg-alert.com,2025-10-11T18:42:09.676Z,Undelivered Mail Returned to Sender
2023-01-01T00:00:00Z,ops@cg-alert.com,2025-10-11T18:53:18.040Z,Undelivered Mail Returned to Sender
2023-01-01T00:00:00Z,procurement@asana.com,2025-10-11T18:53:18.438Z,Delivery Status Notification (Failure)
2023-01-01T00:00:00Z,outreach@mail2.cg-alert.com,2025-10-11T18:53:18.539Z,Undelivered Mail Returned to Sender
2023-01-01T00:00:00Z,legal@github.com,2025-10-11T18:53:18.747Z,Delivery Status Notification (Failure)
2023-01-01T00:00:00Z,vendor@stripe.com,2025-10-11T18:53:18.885Z,Delivery Status Notification (Failure)
2023-01-01T00:00:00Z,outreach@mail.cg-alert.com,2025-10-11T18:53:18.998Z,Undelivered Mail Returned to Sender
2023-01-01T00:00:00Z,purchasing@snowflake.com,2025-10-11T18:53:19.105Z,Delivery Status Notification (Failure)
2023-01-01T00:00:00Z,outreach@mail2.cg-alert.com,2025-10-11T18:53:19.208Z,Undelivered Mail Returned to Sender
2023-01-01T00:00:00Z,legal@github.com,2025-10-11T18:53:19.354Z,Delivery Status Notification (Failure)
2023-01-01T00:00:00Z,outreach@mail.cg-alert.com,2025-10-11T18:53:19.488Z,Undelivered Mail Returned to Sender
2023-01-01T00:00:00Z,purchasing@snowflake.com,2025-10-11T18:53:19.589Z,Delivery Status Notification (Failure)
2023-01-01T00:00:00Z,vendor@stripe.com,2025-10-11T18:53:19.688Z,Delivery Status Notification (Failure)
2023-01-01T00:00:00Z,outreach@mail2.cg-alert.com,2025-10-11T18:53:19.818Z,Undelivered Mail Returned to Sender
2023-01-01T00:00:00Z,legal@github.com,2025-10-11T18:53:19.915Z,Delivery Status Notification (Failure)
2023-01-01T00:00:00Z,vendor@stripe.com,2025-10-11T18:53:20.023Z,Delivery Status Notification (Failure)
2023-01-01T00:00:00Z,outreach@mail.cg-alert.com,2025-10-11T18:53:20.121Z,Undelivered Mail Returned to Sender
2023-01-01T00:00:00Z,ops@cg-alert.com,2025-10-11T19:13:25.331Z,Undelivered Mail Returned to Sender
2023-01-01T00:00:00Z,procurement@asana.com,2025-10-11T19:13:25.567Z,Delivery Status Notification (Failure)
2023-01-01T00:00:00Z,outreach@mail2.cg-alert.com,2025-10-11T19:13:25.667Z,Undelivered Mail Returned to Sender
2023-01-01T00:00:00Z,legal@github.com,2025-10-11T19:13:25.772Z,Delivery Status Notification (Failure)
2023-01-01T00:00:00Z,vendor@stripe.com,2025-10-11T19:13:25.878Z,Delivery Status Notification (Failure)
2023-01-01T00:00:00Z,outreach@mail.cg-alert.com,2025-10-11T19:13:25.984Z,Undelivered Mail Returned to Sender
2023-01-01T00:00:00Z,purchasing@snowflake.com,2025-10-11T19:13:26.083Z,Delivery Status Notification (Failure)
2023-01-01T00:00:00Z,outreach@mail2.cg-alert.com,2025-10-11T19:13:26.185Z,Undelivered Mail Returned to Sender
2023-01-01T00:00:00Z,legal@github.com,2025-10-11T19:13:26.284Z,Delivery Status Notification (Failure)
2023-01-01T00:00:00Z,outreach@mail.cg-alert.com,2025-10-11T19:13:26.379Z,Undelivered Mail Returned to Sender
2023-01-01T00:00:00Z,purchasing@snowflake.com,2025-10-11T19:13:26.478Z,Delivery Status Notification (Failure)
2023-01-01T00:00:00Z,vendor@stripe.com,2025-10-11T19:13:26.580Z,Delivery Status Notification (Failure)
2023-01-01T00:00:00Z,outreach@mail2.cg-alert.com,2025-10-11T19:13:26.674Z,Undelivered Mail Returned to Sender
2023-01-01T00:00:00Z,legal@github.com,2025-10-11T19:13:26.769Z,Delivery Status Notification (Failure)
2023-01-01T00:00:00Z,vendor@stripe.com,2025-10-11T19:13:26.875Z,Delivery Status Notification (Failure)
2023-01-01T00:00:00Z,outreach@mail.cg-alert.com,2025-10-11T19:13:26.967Z,Undelivered Mail Returned to Sender
2023-01-01T00:00:00Z,ops@cg-alert.com,2025-10-11T19:24:25.504Z,Undelivered Mail Returned to Sender
2023-01-01T00:00:00Z,procurement@asana.com,2025-10-11T19:24:25.819Z,Delivery Status Notification (Failure)
2023-01-01T00:00:00Z,outreach@mail2.cg-alert.com,2025-10-11T19:24:25.924Z,Undelivered Mail Returned to Sender
2023-01-01T00:00:00Z,legal@github.com,2025-10-11T19:24:26.039Z,Delivery Status Notification (Failure)
2023-01-01T00:00:00Z,vendor@stripe.com,2025-10-11T19:24:26.145Z,Delivery Status Notification (Failure)
2023-01-01T00:00:00Z,outreach@mail.cg-alert.com,2025-10-11T19:24:26.261Z,Undelivered Mail Returned to Sender
2023-01-01T00:00:00Z,purchasing@snowflake.com,2025-10-11T19:24:26.364Z,Delivery Status Notification (Failure)
2023-01-01T00:00:00Z,outreach@mail2.cg-alert.com,2025-10-11T19:24:26.475Z,Undelivered Mail Returned to Sender
2023-01-01T00:00:00Z,legal@github.com,2025-10-11T19:24:26.576Z,Delivery Status Notification (Failure)
2023-01-01T00:00:00Z,outreach@mail.cg-alert.com,2025-10-11T19:24:26.681Z,Undelivered Mail Returned to Sender
2023-01-01T00:00:00Z,purchasing@snowflake.com,2025-10-11T19:24:26.792Z,Delivery Status Notification (Failure)
2023-01-01T00:00:00Z,vendor@stripe.com,2025-10-11T19:24:26.893Z,Delivery Status Notification (Failure)
2023-01-01T00:00:00Z,outreach@mail2.cg-alert.com,2025-10-11T19:24:26.998Z,Undelivered Mail Returned to Sender
2023-01-01T00:00:00Z,legal@github.com,2025-10-11T19:24:27.105Z,Delivery Status Notification (Failure)
2023-01-01T00:00:00Z,vendor@stripe.com,2025-10-11T19:24:27.217Z,Delivery Status Notification (Failure)
2023-01-01T00:00:00Z,outreach@mail.cg-alert.com,2025-10-11T19:24:27.333Z,Undelivered Mail Returned to Sender
2023-01-01T00:00:00Z,ops@cg-alert.com,2025-10-11T19:37:32.315Z,Undelivered Mail Returned to Sender
2023-01-01T00:00:00Z,procurement@asana.com,2025-10-11T19:37:32.619Z,Delivery Status Notification (Failure)
2023-01-01T00:00:00Z,outreach@mail2.cg-alert.com,2025-10-11T19:37:32.713Z,Undelivered Mail Returned to Sender
2023-01-01T00:00:00Z,legal@github.com,2025-10-11T19:37:32.813Z,Delivery Status Notification (Failure)
2023-01-01T00:00:00Z,vendor@stripe.com,2025-10-11T19:37:32.909Z,Delivery Status Notification (Failure)
2023-01-01T00:00:00Z,outreach@mail.cg-alert.com,2025-10-11T19:37:33.000Z,Undelivered Mail Returned to Sender
2023-01-01T00:00:00Z,purchasing@snowflake.com,2025-10-11T19:37:33.113Z,Delivery Status Notification (Failure)
2023-01-01T00:00:00Z,outreach@mail2.cg-alert.com,2025-10-11T19:37:33.206Z,Undelivered Mail Returned to Sender
2023-01-01T00:00:00Z,legal@github.com,2025-10-11T19:37:33.297Z,Delivery Status Notification (Failure)
2023-01-01T00:00:00Z,outreach@mail.cg-alert.com,2025-10-11T19:37:33.389Z,Undelivered Mail Returned to Sender
2023-01-01T00:00:00Z,purchasing@snowflake.com,2025-10-11T19:37:33.522Z,Delivery Status Notification (Failure)
2023-01-01T00:00:00Z,vendor@stripe.com,2025-10-11T19:37:33.614Z,Delivery Status Notification (Failure)
2023-01-01T00:00:00Z,outreach@mail2.cg-alert.com,2025-10-11T19:37:33.716Z,Undelivered Mail Returned to Sender
2023-01-01T00:00:00Z,legal@github.com,2025-10-11T19:37:33.813Z,Delivery Status Notification (Failure)
2023-01-01T00:00:00Z,vendor@stripe.com,2025-10-11T19:37:33.908Z,Delivery Status Notification (Failure)
2023-01-01T00:00:00Z,outreach@mail.cg-alert.com,2025-10-11T19:37:33.994Z,Undelivered Mail Returned to Sender
2023-01-01T00:00:00Z,ops@cg-alert.com,2025-10-11T19:51:03.768Z,Undelivered Mail Returned to Sender
2023-01-01T00:00:00Z,procurement@asana.com,2025-10-11T19:51:04.020Z,Delivery Status Notification (Failure)
2023-01-01T00:00:00Z,outreach@mail2.cg-alert.com,2025-10-11T19:51:04.127Z,Undelivered Mail Returned to Sender
2023-01-01T00:00:00Z,legal@github.com,2025-10-11T19:51:04.236Z,Delivery Status Notification (Failure)
2023-01-01T00:00:00Z,vendor@stripe.com,2025-10-11T19:51:04.343Z,Delivery Status Notification (Failure)
2023-01-01T00:00:00Z,outreach@mail.cg-alert.com,2025-10-11T19:51:04.444Z,Undelivered Mail Returned to Sender
2023-01-01T00:00:00Z,purchasing@snowflake.com,2025-10-11T19:51:04.553Z,Delivery Status Notification (Failure)
2023-01-01T00:00:00Z,outreach@mail2.cg-alert.com,2025-10-11T19:51:04.659Z,Undelivered Mail Returned to Sender
2023-01-01T00:00:00Z,legal@github.com,2025-10-11T19:51:04.762Z,Delivery Status Notification (Failure)
2023-01-01T00:00:00Z,outreach@mail.cg-alert.com,2025-10-11T19:51:04.865Z,Undelivered Mail Returned to Sender
2023-01-01T00:00:00Z,purchasing@snowflake.com,2025-10-11T19:51:04.974Z,Delivery Status Notification (Failure)
2023-01-01T00:00:00Z,vendor@stripe.com,2025-10-11T19:51:05.075Z,Delivery Status Notification (Failure)
2023-01-01T00:00:00Z,outreach@mail2.cg-alert.com,2025-10-11T19:51:05.189Z,Undelivered Mail Returned to Sender
2023-01-01T00:00:00Z,legal@github.com,2025-10-11T19:51:05.288Z,Delivery Status Notification (Failure)
2023-01-01T00:00:00Z,vendor@stripe.com,2025-10-11T19:51:05.389Z,Delivery Status Notification (Failure)
2023-01-01T00:00:00Z,outreach@mail.cg-alert.com,2025-10-11T19:51:05.485Z,Undelivered Mail Returned to Sender
2023-01-01T00:00:00Z,ops@cg-alert.com,2025-10-11T20:18:47.401Z,Undelivered Mail Returned to Sender
2023-01-01T00:00:00Z,procurement@asana.com,2025-10-11T20:18:47.808Z,Delivery Status Notification (Failure)
2023-01-01T00:00:00Z,outreach@mail2.cg-alert.com,2025-10-11T20:18:48.001Z,Undelivered Mail Returned to Sender
2023-01-01T00:00:00Z,legal@github.com,2025-10-11T20:18:48.195Z,Delivery Status Notification (Failure)
2023-01-01T00:00:00Z,vendor@stripe.com,2025-10-11T20:18:48.385Z,Delivery Status Notification (Failure)
2023-01-01T00:00:00Z,outreach@mail.cg-alert.com,2025-10-11T20:18:48.571Z,Undelivered Mail Returned to Sender
2023-01-01T00:00:00Z,purchasing@snowflake.com,2025-10-11T20:18:48.767Z,Delivery Status Notification (Failure)
2023-01-01T00:00:00Z,outreach@mail2.cg-alert.com,2025-10-11T20:18:48.953Z,Undelivered Mail Returned to Sender
2023-01-01T00:00:00Z,legal@github.com,2025-10-11T20:18:49.146Z,Delivery Status Notification (Failure)
2023-01-01T00:00:00Z,outreach@mail.cg-alert.com,2025-10-11T20:18:49.333Z,Undelivered Mail Returned to Sender
2023-01-01T00:00:00Z,purchasing@snowflake.com,2025-10-11T20:18:49.521Z,Delivery Status Notification (Failure)
2023-01-01T00:00:00Z,vendor@stripe.com,2025-10-11T20:18:49.708Z,Delivery Status Notification (Failure)
2023-01-01T00:00:00Z,outreach@mail2.cg-alert.com,2025-10-11T20:18:49.902Z,Undelivered Mail Returned to Sender
2023-01-01T00:00:00Z,legal@github.com,2025-10-11T20:18:50.090Z,Delivery Status Notification (Failure)
2023-01-01T00:00:00Z,vendor@stripe.com,2025-10-11T20:18:50.275Z,Delivery Status Notification (Failure)
2023-01-01T00:00:00Z,outreach@mail.cg-alert.com,2025-10-11T20:18:50.461Z,Undelivered Mail Returned to Sender
2023-01-01T00:00:00Z,ops@cg-alert.com,2025-10-11T20:37:51.301Z,Undelivered Mail Returned to Sender
2023-01-01T00:00:00Z,procurement@asana.com,2025-10-11T20:37:51.832Z,Delivery Status Notification (Failure)
2023-01-01T00:00:00Z,outreach@mail2.cg-alert.com,2025-10-11T20:37:52.017Z,Undelivered Mail Returned to Sender
2023-01-01T00:00:00Z,legal@github.com,2025-10-11T20:37:52.205Z,Delivery Status Notification (Failure)
2023-01-01T00:00:00Z,vendor@stripe.com,2025-10-11T20:37:52.399Z,Delivery Status Notification (Failure)
2023-01-01T00:00:00Z,outreach@mail.cg-alert.com,2025-10-11T20:37:52.651Z,Undelivered Mail Returned to Sender
2023-01-01T00:00:00Z,purchasing@snowflake.com,2025-10-11T20:37:52.848Z,Delivery Status Notification (Failure)
2023-01-01T00:00:00Z,outreach@mail2.cg-alert.com,2025-10-11T20:37:53.030Z,Undelivered Mail Returned to Sender
2023-01-01T00:00:00Z,legal@github.com,2025-10-11T20:37:53.205Z,Delivery Status Notification (Failure)
2023-01-01T00:00:00Z,outreach@mail.cg-alert.com,2025-10-11T20:37:53.458Z,Undelivered Mail Returned to Sender
2023-01-01T00:00:00Z,purchasing@snowflake.com,2025-10-11T20:37:53.647Z,Delivery Status Notification (Failure)
2023-01-01T00:00:00Z,vendor@stripe.com,2025-10-11T20:37:53.833Z,Delivery Status Notification (Failure)
2023-01-01T00:00:00Z,outreach@mail2.cg-alert.com,2025-10-11T20:37:54.010Z,Undelivered Mail Returned to Sender
2023-01-01T00:00:00Z,legal@github.com,2025-10-11T20:37:54.187Z,Delivery Status Notification (Failure)
2023-01-01T00:00:00Z,vendor@stripe.com,2025-10-11T20:37:54.371Z,Delivery Status Notification (Failure)
2023-01-01T00:00:00Z,outreach@mail.cg-alert.com,2025-10-11T20:37:54.548Z,Undelivered Mail Returned to Sender
2023-01-01T00:00:00Z,ops@cg-alert.com,2025-10-11T20:51:27.697Z,Undelivered Mail Returned to Sender
2023-01-01T00:00:00Z,procurement@asana.com,2025-10-11T20:51:28.172Z,Delivery Status Notification (Failure)
2023-01-01T00:00:00Z,outreach@mail2.cg-alert.com,2025-10-11T20:51:28.345Z,Undelivered Mail Returned to Sender
2023-01-01T00:00:00Z,legal@github.com,2025-10-11T20:51:28.519Z,Delivery Status Notification (Failure)
2023-01-01T00:00:00Z,vendor@stripe.com,2025-10-11T20:51:28.699Z,Delivery Status Notification (Failure)
2023-01-01T00:00:00Z,outreach@mail.cg-alert.com,2025-10-11T20:51:28.869Z,Undelivered Mail Returned to Sender
2023-01-01T00:00:00Z,purchasing@snowflake.com,2025-10-11T20:51:29.047Z,Delivery Status Notification (Failure)
2023-01-01T00:00:00Z,outreach@mail2.cg-alert.com,2025-10-11T20:51:29.225Z,Undelivered Mail Returned to Sender
2023-01-01T00:00:00Z,legal@github.com,2025-10-11T20:51:29.404Z,Delivery Status Notification (Failure)
2023-01-01T00:00:00Z,outreach@mail.cg-alert.com,2025-10-11T20:51:29.577Z,Undelivered Mail Returned to Sender
2023-01-01T00:00:00Z,purchasing@snowflake.com,2025-10-11T20:51:29.762Z,Delivery Status Notification (Failure)
2023-01-01T00:00:00Z,vendor@stripe.com,2025-10-11T20:51:29.935Z,Delivery Status Notification (Failure)
2023-01-01T00:00:00Z,outreach@mail2.cg-alert.com,2025-10-11T20:51:30.105Z,Undelivered Mail Returned to Sender
2023-01-01T00:00:00Z,legal@github.com,2025-10-11T20:51:30.277Z,Delivery Status Notification (Failure)
2023-01-01T00:00:00Z,vendor@stripe.com,2025-10-11T20:51:30.446Z,Delivery Status Notification (Failure)
2023-01-01T00:00:00Z,outreach@mail.cg-alert.com,2025-10-11T20:51:30.619Z,Undelivered Mail Returned to Sender
2023-01-01T00:00:00Z,ops@cg-alert.com,2025-10-11T21:15:30.103Z,Undelivered Mail Returned to Sender
2023-01-01T00:00:00Z,procurement@asana.com,2025-10-11T21:15:30.462Z,Delivery Status Notification (Failure)
2023-01-01T00:00:00Z,outreach@mail2.cg-alert.com,2025-10-11T21:15:30.651Z,Undelivered Mail Returned to Sender
2023-01-01T00:00:00Z,legal@github.com,2025-10-11T21:15:30.843Z,Delivery Status Notification (Failure)
2023-01-01T00:00:00Z,vendor@stripe.com,2025-10-11T21:15:31.037Z,Delivery Status Notification (Failure)
2023-01-01T00:00:00Z,outreach@mail.cg-alert.com,2025-10-11T21:15:31.242Z,Undelivered Mail Returned to Sender
2023-01-01T00:00:00Z,purchasing@snowflake.com,2025-10-11T21:15:31.456Z,Delivery Status Notification (Failure)
2023-01-01T00:00:00Z,outreach@mail2.cg-alert.com,2025-10-11T21:15:31.650Z,Undelivered Mail Returned to Sender
2023-01-01T00:00:00Z,legal@github.com,2025-10-11T21:15:31.853Z,Delivery Status Notification (Failure)
2023-01-01T00:00:00Z,outreach@mail.cg-alert.com,2025-10-11T21:15:32.050Z,Undelivered Mail Returned to Sender
2023-01-01T00:00:00Z,purchasing@snowflake.com,2025-10-11T21:15:32.305Z,Delivery Status Notification (Failure)
2023-01-01T00:00:00Z,vendor@stripe.com,2025-10-11T21:15:32.494Z,Delivery Status Notification (Failure)
2023-01-01T00:00:00Z,outreach@mail2.cg-alert.com,2025-10-11T21:15:32.669Z,Undelivered Mail Returned to Sender
2023-01-01T00:00:00Z,legal@github.com,2025-10-11T21:15:32.862Z,Delivery Status Notification (Failure)
2023-01-01T00:00:00Z,vendor@stripe.com,2025-10-11T21:15:33.042Z,Delivery Status Notification (Failure)
2023-01-01T00:00:00Z,outreach@mail.cg-alert.com,2025-10-11T21:15:33.371Z,Undelivered Mail Returned to Sender
2023-01-01T00:00:00Z,ops@cg-alert.com,2025-10-11T21:37:05.441Z,Undelivered Mail Returned to Sender
2023-01-01T00:00:00Z,procurement@asana.com,2025-10-11T21:37:05.764Z,Delivery Status Notification (Failure)
2023-01-01T00:00:00Z,outreach@mail2.cg-alert.com,2025-10-11T21:37:05.862Z,Undelivered Mail Returned to Sender
2023-01-01T00:00:00Z,legal@github.com,2025-10-11T21:37:05.974Z,Delivery Status Notification (Failure)
2023-01-01T00:00:00Z,vendor@stripe.com,2025-10-11T21:37:06.070Z,Delivery Status Notification (Failure)
2023-01-01T00:00:00Z,outreach@mail.cg-alert.com,2025-10-11T21:37:06.160Z,Undelivered Mail Returned to Sender
2023-01-01T00:00:00Z,purchasing@snowflake.com,2025-10-11T21:37:06.258Z,Delivery Status Notification (Failure)
2023-01-01T00:00:00Z,outreach@mail2.cg-alert.com,2025-10-11T21:37:06.359Z,Undelivered Mail Returned to Sender
2023-01-01T00:00:00Z,legal@github.com,2025-10-11T21:37:06.455Z,Delivery Status Notification (Failure)
2023-01-01T00:00:00Z,outreach@mail.cg-alert.com,2025-10-11T21:37:06.558Z,Undelivered Mail Returned to Sender
2023-01-01T00:00:00Z,purchasing@snowflake.com,2025-10-11T21:37:06.666Z,Delivery Status Notification (Failure)
2023-01-01T00:00:00Z,vendor@stripe.com,2025-10-11T21:37:06.762Z,Delivery Status Notification (Failure)
2023-01-01T00:00:00Z,outreach@mail2.cg-alert.com,2025-10-11T21:37:06.849Z,Undelivered Mail Returned to Sender
2023-01-01T00:00:00Z,legal@github.com,2025-10-11T21:37:06.954Z,Delivery Status Notification (Failure)
2023-01-01T00:00:00Z,vendor@stripe.com,2025-10-11T21:37:07.046Z,Delivery Status Notification (Failure)
2023-01-01T00:00:00Z,outreach@mail.cg-alert.com,2025-10-11T21:37:07.135Z,Undelivered Mail Returned to Sender
2023-01-01T00:00:00Z,ops@cg-alert.com,2025-10-11T21:51:06.579Z,Undelivered Mail Returned to Sender
2023-01-01T00:00:00Z,procurement@asana.com,2025-10-11T21:51:06.833Z,Delivery Status Notification (Failure)
2023-01-01T00:00:00Z,outreach@mail2.cg-alert.com,2025-10-11T21:51:06.941Z,Undelivered Mail Returned to Sender
2023-01-01T00:00:00Z,legal@github.com,2025-10-11T21:51:07.045Z,Delivery Status Notification (Failure)
2023-01-01T00:00:00Z,vendor@stripe.com,2025-10-11T21:51:07.151Z,Delivery Status Notification (Failure)
2023-01-01T00:00:00Z,outreach@mail.cg-alert.com,2025-10-11T21:51:07.264Z,Undelivered Mail Returned to Sender
2023-01-01T00:00:00Z,purchasing@snowflake.com,2025-10-11T21:51:07.372Z,Delivery Status Notification (Failure)
2023-01-01T00:00:00Z,outreach@mail2.cg-alert.com,2025-10-11T21:51:07.467Z,Undelivered Mail Returned to Sender
2023-01-01T00:00:00Z,legal@github.com,2025-10-11T21:51:07.570Z,Delivery Status Notification (Failure)
2023-01-01T00:00:00Z,outreach@mail.cg-alert.com,2025-10-11T21:51:07.668Z,Undelivered Mail Returned to Sender
2023-01-01T00:00:00Z,purchasing@snowflake.com,2025-10-11T21:51:07.773Z,Delivery Status Notification (Failure)
2023-01-01T00:00:00Z,vendor@stripe.com,2025-10-11T21:51:07.875Z,Delivery Status Notification (Failure)
2023-01-01T00:00:00Z,outreach@mail2.cg-alert.com,2025-10-11T21:51:07.972Z,Undelivered Mail Returned to Sender
2023-01-01T00:00:00Z,legal@github.com,2025-10-11T21:51:08.073Z,Delivery Status Notification (Failure)
2023-01-01T00:00:00Z,vendor@stripe.com,2025-10-11T21:51:08.174Z,Delivery Status Notification (Failure)
2023-01-01T00:00:00Z,outreach@mail.cg-alert.com,2025-10-11T21:51:08.276Z,Undelivered Mail Returned to Sender
2023-01-01T00:00:00Z,ops@cg-alert.com,2025-10-11T22:17:00.227Z,Undelivered Mail Returned to Sender
2023-01-01T00:00:00Z,procurement@asana.com,2025-10-11T22:17:00.563Z,Delivery Status Notification (Failure)
2023-01-01T00:00:00Z,outreach@mail2.cg-alert.com,2025-10-11T22:17:00.695Z,Undelivered Mail Returned to Sender
2023-01-01T00:00:00Z,legal@github.com,2025-10-11T22:17:00.814Z,Delivery Status Notification (Failure)
2023-01-01T00:00:00Z,vendor@stripe.com,2025-10-11T22:17:00.923Z,Delivery Status Notification (Failure)
2023-01-01T00:00:00Z,outreach@mail.cg-alert.com,2025-10-11T22:17:01.070Z,Undelivered Mail Returned to Sender
2023-01-01T00:00:00Z,purchasing@snowflake.com,2025-10-11T22:17:01.182Z,Delivery Status Notification (Failure)
2023-01-01T00:00:00Z,outreach@mail2.cg-alert.com,2025-10-11T22:17:01.322Z,Undelivered Mail Returned to Sender
2023-01-01T00:00:00Z,legal@github.com,2025-10-11T22:17:01.443Z,Delivery Status Notification (Failure)
2023-01-01T00:00:00Z,outreach@mail.cg-alert.com,2025-10-11T22:17:01.559Z,Undelivered Mail Returned to Sender
2023-01-01T00:00:00Z,purchasing@snowflake.com,2025-10-11T22:17:01.677Z,Delivery Status Notification (Failure)
2023-01-01T00:00:00Z,vendor@stripe.com,2025-10-11T22:17:01.790Z,Delivery Status Notification (Failure)
2023-01-01T00:00:00Z,outreach@mail2.cg-alert.com,2025-10-11T22:17:01.981Z,Undelivered Mail Returned to Sender
2023-01-01T00:00:00Z,legal@github.com,2025-10-11T22:17:02.096Z,Delivery Status Notification (Failure)
2023-01-01T00:00:00Z,vendor@stripe.com,2025-10-11T22:17:02.270Z,Delivery Status Notification (Failure)
2023-01-01T00:00:00Z,outreach@mail.cg-alert.com,2025-10-11T22:17:02.374Z,Undelivered Mail Returned to Sender
2023-01-01T00:00:00Z,ops@cg-alert.com,2025-10-11T22:38:18.775Z,Undelivered Mail Returned to Sender
2023-01-01T00:00:00Z,procurement@asana.com,2025-10-11T22:38:19.108Z,Delivery Status Notification (Failure)
2023-01-01T00:00:00Z,outreach@mail2.cg-alert.com,2025-10-11T22:38:19.217Z,Undelivered Mail Returned to Sender
2023-01-01T00:00:00Z,legal@github.com,2025-10-11T22:38:19.324Z,Delivery Status Notification (Failure)
2023-01-01T00:00:00Z,vendor@stripe.com,2025-10-11T22:38:19.423Z,Delivery Status Notification (Failure)
2023-01-01T00:00:00Z,outreach@mail.cg-alert.com,2025-10-11T22:38:19.524Z,Undelivered Mail Returned to Sender
2023-01-01T00:00:00Z,purchasing@snowflake.com,2025-10-11T22:38:19.643Z,Delivery Status Notification (Failure)
2023-01-01T00:00:00Z,outreach@mail2.cg-alert.com,2025-10-11T22:38:19.744Z,Undelivered Mail Returned to Sender
2023-01-01T00:00:00Z,legal@github.com,2025-10-11T22:38:19.851Z,Delivery Status Notification (Failure)
2023-01-01T00:00:00Z,outreach@mail.cg-alert.com,2025-10-11T22:38:19.949Z,Undelivered Mail Returned to Sender
2023-01-01T00:00:00Z,purchasing@snowflake.com,2025-10-11T22:38:20.046Z,Delivery Status Notification (Failure)
2023-01-01T00:00:00Z,vendor@stripe.com,2025-10-11T22:38:20.145Z,Delivery Status Notification (Failure)
2023-01-01T00:00:00Z,outreach@mail2.cg-alert.com,2025-10-11T22:38:20.245Z,Undelivered Mail Returned to Sender
2023-01-01T00:00:00Z,legal@github.com,2025-10-11T22:38:20.346Z,Delivery Status Notification (Failure)
2023-01-01T00:00:00Z,vendor@stripe.com,2025-10-11T22:38:20.452Z,Delivery Status Notification (Failure)
2023-01-01T00:00:00Z,outreach@mail.cg-alert.com,2025-10-11T22:38:20.551Z,Undelivered Mail Returned to Sender
2023-01-01T00:00:00Z,ops@cg-alert.com,2025-10-11T22:50:57.783Z,Undelivered Mail Returned to Sender
2023-01-01T00:00:00Z,procurement@asana.com,2025-10-11T22:50:58.127Z,Delivery Status Notification (Failure)
2023-01-01T00:00:00Z,outreach@mail2.cg-alert.com,2025-10-11T22:50:58.462Z,Undelivered Mail Returned to Sender
2023-01-01T00:00:00Z,legal@github.com,2025-10-11T22:50:58.588Z,Delivery Status Notification (Failure)
2023-01-01T00:00:00Z,vendor@stripe.com,2025-10-11T22:50:58.711Z,Delivery Status Notification (Failure)
2023-01-01T00:00:00Z,outreach@mail.cg-alert.com,2025-10-11T22:50:58.826Z,Undelivered Mail Returned to Sender
2023-01-01T00:00:00Z,purchasing@snowflake.com,2025-10-11T22:50:58.947Z,Delivery Status Notification (Failure)
2023-01-01T00:00:00Z,outreach@mail2.cg-alert.com,2025-10-11T22:50:59.055Z,Undelivered Mail Returned to Sender
2023-01-01T00:00:00Z,legal@github.com,2025-10-11T22:50:59.176Z,Delivery Status Notification (Failure)
2023-01-01T00:00:00Z,outreach@mail.cg-alert.com,2025-10-11T22:50:59.306Z,Undelivered Mail Returned to Sender
2023-01-01T00:00:00Z,purchasing@snowflake.com,2025-10-11T22:50:59.419Z,Delivery Status Notification (Failure)
2023-01-01T00:00:00Z,vendor@stripe.com,2025-10-11T22:50:59.532Z,Delivery Status Notification (Failure)
2023-01-01T00:00:00Z,outreach@mail2.cg-alert.com,2025-10-11T22:50:59.644Z,Undelivered Mail Returned to Sender
2023-01-01T00:00:00Z,legal@github.com,2025-10-11T22:50:59.763Z,Delivery Status Notification (Failure)
2023-01-01T00:00:00Z,vendor@stripe.com,2025-10-11T22:50:59.881Z,Delivery Status Notification (Failure)
2023-01-01T00:00:00Z,outreach@mail.cg-alert.com,2025-10-11T22:50:59.998Z,Undelivered Mail Returned to Sender
2023-01-01T00:00:00Z,ops@cg-alert.com,2025-10-11T23:17:01.968Z,Undelivered Mail Returned to Sender
2023-01-01T00:00:00Z,procurement@asana.com,2025-10-11T23:17:02.287Z,Delivery Status Notification (Failure)
2023-01-01T00:00:00Z,outreach@mail2.cg-alert.com,2025-10-11T23:17:02.404Z,Undelivered Mail Returned to Sender
2023-01-01T00:00:00Z,legal@github.com,2025-10-11T23:17:02.511Z,Delivery Status Notification (Failure)
2023-01-01T00:00:00Z,vendor@stripe.com,2025-10-11T23:17:02.606Z,Delivery Status Notification (Failure)
2023-01-01T00:00:00Z,outreach@mail.cg-alert.com,2025-10-11T23:17:02.806Z,Undelivered Mail Returned to Sender
2023-01-01T00:00:00Z,purchasing@snowflake.com,2025-10-11T23:17:02.918Z,Delivery Status Notification (Failure)
2023-01-01T00:00:00Z,outreach@mail2.cg-alert.com,2025-10-11T23:17:03.020Z,Undelivered Mail Returned to Sender
2023-01-01T00:00:00Z,legal@github.com,2025-10-11T23:17:03.122Z,Delivery Status Notification (Failure)
2023-01-01T00:00:00Z,outreach@mail.cg-alert.com,2025-10-11T23:17:03.212Z,Undelivered Mail Returned to Sender
2023-01-01T00:00:00Z,purchasing@snowflake.com,2025-10-11T23:17:03.306Z,Delivery Status Notification (Failure)
2023-01-01T00:00:00Z,vendor@stripe.com,2025-10-11T23:17:03.399Z,Delivery Status Notification (Failure)
2023-01-01T00:00:00Z,outreach@mail2.cg-alert.com,2025-10-11T23:17:03.491Z,Undelivered Mail Returned to Sender
2023-01-01T00:00:00Z,legal@github.com,2025-10-11T23:17:03.663Z,Delivery Status Notification (Failure)
2023-01-01T00:00:00Z,vendor@stripe.com,2025-10-11T23:17:03.800Z,Delivery Status Notification (Failure)
2023-01-01T00:00:00Z,outreach@mail.cg-alert.com,2025-10-11T23:17:03.939Z,Undelivered Mail Returned to Sender
2023-01-01T00:00:00Z,ops@cg-alert.com,2025-10-11T23:37:40.382Z,Undelivered Mail Returned to Sender
2023-01-01T00:00:00Z,procurement@asana.com,2025-10-11T23:37:40.815Z,Delivery Status Notification (Failure)
2023-01-01T00:00:00Z,outreach@mail2.cg-alert.com,2025-10-11T23:37:40.914Z,Undelivered Mail Returned to Sender
2023-01-01T00:00:00Z,legal@github.com,2025-10-11T23:37:41.012Z,Delivery Status Notification (Failure)
2023-01-01T00:00:00Z,vendor@stripe.com,2025-10-11T23:37:41.118Z,Delivery Status Notification (Failure)
2023-01-01T00:00:00Z,outreach@mail.cg-alert.com,2025-10-11T23:37:41.266Z,Undelivered Mail Returned to Sender
2023-01-01T00:00:00Z,purchasing@snowflake.com,2025-10-11T23:37:41.361Z,Delivery Status Notification (Failure)
2023-01-01T00:00:00Z,outreach@mail2.cg-alert.com,2025-10-11T23:37:41.482Z,Undelivered Mail Returned to Sender
2023-01-01T00:00:00Z,legal@github.com,2025-10-11T23:37:41.571Z,Delivery Status Notification (Failure)
2023-01-01T00:00:00Z,outreach@mail.cg-alert.com,2025-10-11T23:37:41.681Z,Undelivered Mail Returned to Sender
2023-01-01T00:00:00Z,purchasing@snowflake.com,2025-10-11T23:37:41.776Z,Delivery Status Notification (Failure)
2023-01-01T00:00:00Z,vendor@stripe.com,2025-10-11T23:37:41.880Z,Delivery Status Notification (Failure)
2023-01-01T00:00:00Z,outreach@mail2.cg-alert.com,2025-10-11T23:37:42.040Z,Undelivered Mail Returned to Sender
2023-01-01T00:00:00Z,legal@github.com,2025-10-11T23:37:42.410Z,Delivery Status Notification (Failure)
2023-01-01T00:00:00Z,vendor@stripe.com,2025-10-11T23:37:42.509Z,Delivery Status Notification (Failure)
2023-01-01T00:00:00Z,outreach@mail.cg-alert.com,2025-10-11T23:37:42.707Z,Undelivered Mail Returned to Sender
2023-01-01T00:00:00Z,ops@cg-alert.com,2025-10-11T23:51:17.936Z,Undelivered Mail Returned to Sender
2023-01-01T00:00:00Z,procurement@asana.com,2025-10-11T23:51:18.251Z,Delivery Status Notification (Failure)
2023-01-01T00:00:00Z,outreach@mail2.cg-alert.com,2025-10-11T23:51:18.359Z,Undelivered Mail Returned to Sender
2023-01-01T00:00:00Z,legal@github.com,2025-10-11T23:51:18.470Z,Delivery Status Notification (Failure)
2023-01-01T00:00:00Z,vendor@stripe.com,2025-10-11T23:51:18.579Z,Delivery Status Notification (Failure)
2023-01-01T00:00:00Z,outreach@mail.cg-alert.com,2025-10-11T23:51:20.077Z,Undelivered Mail Returned to Sender
2023-01-01T00:00:00Z,purchasing@snowflake.com,2025-10-11T23:51:21.486Z,Delivery Status Notification (Failure)
2023-01-01T00:00:00Z,outreach@mail2.cg-alert.com,2025-10-11T23:51:21.599Z,Undelivered Mail Returned to Sender
2023-01-01T00:00:00Z,legal@github.com,2025-10-11T23:51:21.709Z,Delivery Status Notification (Failure)
2023-01-01T00:00:00Z,outreach@mail.cg-alert.com,2025-10-11T23:51:21.818Z,Undelivered Mail Returned to Sender
2023-01-01T00:00:00Z,purchasing@snowflake.com,2025-10-11T23:51:21.929Z,Delivery Status Notification (Failure)
2023-01-01T00:00:00Z,vendor@stripe.com,2025-10-11T23:51:22.037Z,Delivery Status Notification (Failure)
2023-01-01T00:00:00Z,outreach@mail2.cg-alert.com,2025-10-11T23:51:22.138Z,Undelivered Mail Returned to Sender
2023-01-01T00:00:00Z,legal@github.com,2025-10-11T23:51:22.259Z,Delivery Status Notification (Failure)
2023-01-01T00:00:00Z,vendor@stripe.com,2025-10-11T23:51:22.371Z,Delivery Status Notification (Failure)
2023-01-01T00:00:00Z,outreach@mail.cg-alert.com,2025-10-11T23:51:22.479Z,Undelivered Mail Returned to Sender
2023-01-01T00:00:00Z,ops@cg-alert.com,2025-10-12T01:37:34.649Z,Undelivered Mail Returned to Sender
2023-01-01T00:00:00Z,procurement@asana.com,2025-10-12T01:37:34.949Z,Delivery Status Notification (Failure)
2023-01-01T00:00:00Z,outreach@mail2.cg-alert.com,2025-10-12T01:37:35.059Z,Undelivered Mail Returned to Sender
2023-01-01T00:00:00Z,legal@github.com,2025-10-12T01:37:35.174Z,Delivery Status Notification (Failure)
2023-01-01T00:00:00Z,vendor@stripe.com,2025-10-12T01:37:35.280Z,Delivery Status Notification (Failure)
2023-01-01T00:00:00Z,outreach@mail.cg-alert.com,2025-10-12T01:37:35.387Z,Undelivered Mail Returned to Sender
2023-01-01T00:00:00Z,purchasing@snowflake.com,2025-10-12T01:37:35.490Z,Delivery Status Notification (Failure)
2023-01-01T00:00:00Z,outreach@mail2.cg-alert.com,2025-10-12T01:37:35.594Z,Undelivered Mail Returned to Sender
2023-01-01T00:00:00Z,legal@github.com,2025-10-12T01:37:35.696Z,Delivery Status Notification (Failure)
2023-01-01T00:00:00Z,outreach@mail.cg-alert.com,2025-10-12T01:37:35.796Z,Undelivered Mail Returned to Sender
2023-01-01T00:00:00Z,purchasing@snowflake.com,2025-10-12T01:37:35.900Z,Delivery Status Notification (Failure)
2023-01-01T00:00:00Z,vendor@stripe.com,2025-10-12T01:37:36.015Z,Delivery Status Notification (Failure)
2023-01-01T00:00:00Z,outreach@mail2.cg-alert.com,2025-10-12T01:37:36.118Z,Undelivered Mail Returned to Sender
2023-01-01T00:00:00Z,legal@github.com,2025-10-12T01:37:36.227Z,Delivery Status Notification (Failure)
2023-01-01T00:00:00Z,vendor@stripe.com,2025-10-12T01:37:36.332Z,Delivery Status Notification (Failure)
2023-01-01T00:00:00Z,outreach@mail.cg-alert.com,2025-10-12T01:37:36.436Z,Undelivered Mail Returned to Sender
2023-01-01T00:00:00Z,ops@cg-alert.com,2025-10-12T02:52:06.787Z,Undelivered Mail Returned to Sender
2023-01-01T00:00:00Z,procurement@asana.com,2025-10-12T02:52:07.098Z,Delivery Status Notification (Failure)
2023-01-01T00:00:00Z,outreach@mail2.cg-alert.com,2025-10-12T02:52:07.216Z,Undelivered Mail Returned to Sender
2023-01-01T00:00:00Z,legal@github.com,2025-10-12T02:52:07.320Z,Delivery Status Notification (Failure)
2023-01-01T00:00:00Z,vendor@stripe.com,2025-10-12T02:52:07.434Z,Delivery Status Notification (Failure)
2023-01-01T00:00:00Z,outreach@mail.cg-alert.com,2025-10-12T02:52:07.540Z,Undelivered Mail Returned to Sender
2023-01-01T00:00:00Z,purchasing@snowflake.com,2025-10-12T02:52:07.653Z,Delivery Status Notification (Failure)
2023-01-01T00:00:00Z,outreach@mail2.cg-alert.com,2025-10-12T02:52:07.751Z,Undelivered Mail Returned to Sender
2023-01-01T00:00:00Z,legal@github.com,2025-10-12T02:52:07.853Z,Delivery Status Notification (Failure)
2023-01-01T00:00:00Z,outreach@mail.cg-alert.com,2025-10-12T02:52:07.963Z,Undelivered Mail Returned to Sender
2023-01-01T00:00:00Z,purchasing@snowflake.com,2025-10-12T02:52:08.072Z,Delivery Status Notification (Failure)
2023-01-01T00:00:00Z,vendor@stripe.com,2025-10-12T02:52:08.170Z,Delivery Status Notification (Failure)
2023-01-01T00:00:00Z,outreach@mail2.cg-alert.com,2025-10-12T02:52:08.272Z,Undelivered Mail Returned to Sender
2023-01-01T00:00:00Z,legal@github.com,2025-10-12T02:52:08.410Z,Delivery Status Notification (Failure)
2023-01-01T00:00:00Z,vendor@stripe.com,2025-10-12T02:52:08.513Z,Delivery Status Notification (Failure)
2023-01-01T00:00:00Z,outreach@mail.cg-alert.com,2025-10-12T02:52:08.617Z,Undelivered Mail Returned to Sender
2023-01-01T00:00:00Z,ops@cg-alert.com,2025-10-12T03:33:54.373Z,Undelivered Mail Returned to Sender
2023-01-01T00:00:00Z,procurement@asana.com,2025-10-12T03:33:54.598Z,Delivery Status Notification (Failure)
2023-01-01T00:00:00Z,outreach@mail2.cg-alert.com,2025-10-12T03:33:54.693Z,Undelivered Mail Returned to Sender
2023-01-01T00:00:00Z,legal@github.com,2025-10-12T03:33:54.791Z,Delivery Status Notification (Failure)
2023-01-01T00:00:00Z,vendor@stripe.com,2025-10-12T03:33:54.883Z,Delivery Status Notification (Failure)
2023-01-01T00:00:00Z,outreach@mail.cg-alert.com,2025-10-12T03:33:54.985Z,Undelivered Mail Returned to Sender
2023-01-01T00:00:00Z,purchasing@snowflake.com,2025-10-12T03:33:55.079Z,Delivery Status Notification (Failure)
2023-01-01T00:00:00Z,outreach@mail2.cg-alert.com,2025-10-12T03:33:55.184Z,Undelivered Mail Returned to Sender
2023-01-01T00:00:00Z,legal@github.com,2025-10-12T03:33:55.280Z,Delivery Status Notification (Failure)
2023-01-01T00:00:00Z,outreach@mail.cg-alert.com,2025-10-12T03:33:55.376Z,Undelivered Mail Returned to Sender
2023-01-01T00:00:00Z,purchasing@snowflake.com,2025-10-12T03:33:55.468Z,Delivery Status Notification (Failure)
2023-01-01T00:00:00Z,vendor@stripe.com,2025-10-12T03:33:55.570Z,Delivery Status Notification (Failure)
2023-01-01T00:00:00Z,outreach@mail2.cg-alert.com,2025-10-12T03:33:55.658Z,Undelivered Mail Returned to Sender
2023-01-01T00:00:00Z,legal@github.com,2025-10-12T03:33:55.756Z,Delivery Status Notification (Failure)
2023-01-01T00:00:00Z,vendor@stripe.com,2025-10-12T03:33:55.850Z,Delivery Status Notification (Failure)
2023-01-01T00:00:00Z,outreach@mail.cg-alert.com,2025-10-12T03:33:55.947Z,Undelivered Mail Returned to Sender
2023-01-01T00:00:00Z,ops@cg-alert.com,2025-10-12T03:53:11.311Z,Undelivered Mail Returned to Sender
2023-01-01T00:00:00Z,procurement@asana.com,2025-10-12T03:53:11.576Z,Delivery Status Notification (Failure)
2023-01-01T00:00:00Z,outreach@mail2.cg-alert.com,2025-10-12T03:53:11.677Z,Undelivered Mail Returned to Sender
2023-01-01T00:00:00Z,legal@github.com,2025-10-12T03:53:11.777Z,Delivery Status Notification (Failure)
2023-01-01T00:00:00Z,vendor@stripe.com,2025-10-12T03:53:11.874Z,Delivery Status Notification (Failure)
2023-01-01T00:00:00Z,outreach@mail.cg-alert.com,2025-10-12T03:53:11.990Z,Undelivered Mail Returned to Sender
2023-01-01T00:00:00Z,purchasing@snowflake.com,2025-10-12T03:53:12.095Z,Delivery Status Notification (Failure)
2023-01-01T00:00:00Z,outreach@mail2.cg-alert.com,2025-10-12T03:53:12.189Z,Undelivered Mail Returned to Sender
2023-01-01T00:00:00Z,legal@github.com,2025-10-12T03:53:12.293Z,Delivery Status Notification (Failure)
2023-01-01T00:00:00Z,outreach@mail.cg-alert.com,2025-10-12T03:53:12.390Z,Undelivered Mail Returned to Sender
2023-01-01T00:00:00Z,purchasing@snowflake.com,2025-10-12T03:53:12.493Z,Delivery Status Notification (Failure)
2023-01-01T00:00:00Z,vendor@stripe.com,2025-10-12T03:53:12.634Z,Delivery Status Notification (Failure)
2023-01-01T00:00:00Z,outreach@mail2.cg-alert.com,2025-10-12T03:53:12.727Z,Undelivered Mail Returned to Sender
2023-01-01T00:00:00Z,legal@github.com,2025-10-12T03:53:12.821Z,Delivery Status Notification (Failure)
2023-01-01T00:00:00Z,vendor@stripe.com,2025-10-12T03:53:12.915Z,Delivery Status Notification (Failure)
2023-01-01T00:00:00Z,outreach@mail.cg-alert.com,2025-10-12T03:53:13.006Z,Undelivered Mail Returned to Sender
2023-01-01T00:00:00Z,ops@cg-alert.com,2025-10-12T04:22:32.385Z,Undelivered Mail Returned to Sender
2023-01-01T00:00:00Z,procurement@asana.com,2025-10-12T04:22:32.672Z,Delivery Status Notification (Failure)
2023-01-01T00:00:00Z,outreach@mail2.cg-alert.com,2025-10-12T04:22:32.785Z,Undelivered Mail Returned to Sender
2023-01-01T00:00:00Z,legal@github.com,2025-10-12T04:22:32.892Z,Delivery Status Notification (Failure)
2023-01-01T00:00:00Z,vendor@stripe.com,2025-10-12T04:22:32.992Z,Delivery Status Notification (Failure)
2023-01-01T00:00:00Z,outreach@mail.cg-alert.com,2025-10-12T04:22:33.122Z,Undelivered Mail Returned to Sender
2023-01-01T00:00:00Z,purchasing@snowflake.com,2025-10-12T04:22:33.224Z,Delivery Status Notification (Failure)
2023-01-01T00:00:00Z,outreach@mail2.cg-alert.com,2025-10-12T04:22:33.318Z,Undelivered Mail Returned to Sender
2023-01-01T00:00:00Z,legal@github.com,2025-10-12T04:22:33.424Z,Delivery Status Notification (Failure)
2023-01-01T00:00:00Z,outreach@mail.cg-alert.com,2025-10-12T04:22:33.521Z,Undelivered Mail Returned to Sender
2023-01-01T00:00:00Z,purchasing@snowflake.com,2025-10-12T04:22:33.624Z,Delivery Status Notification (Failure)
2023-01-01T00:00:00Z,vendor@stripe.com,2025-10-12T04:22:33.721Z,Delivery Status Notification (Failure)
2023-01-01T00:00:00Z,outreach@mail2.cg-alert.com,2025-10-12T04:22:33.820Z,Undelivered Mail Returned to Sender
2023-01-01T00:00:00Z,legal@github.com,2025-10-12T04:22:33.918Z,Delivery Status Notification (Failure)
2023-01-01T00:00:00Z,vendor@stripe.com,2025-10-12T04:22:34.016Z,Delivery Status Notification (Failure)
2023-01-01T00:00:00Z,outreach@mail.cg-alert.com,2025-10-12T04:22:34.113Z,Undelivered Mail Returned to Sender
2023-01-01T00:00:00Z,ops@cg-alert.com,2025-10-12T04:41:26.729Z,Undelivered Mail Returned to Sender
2023-01-01T00:00:00Z,procurement@asana.com,2025-10-12T04:41:27.033Z,Delivery Status Notification (Failure)
2023-01-01T00:00:00Z,outreach@mail2.cg-alert.com,2025-10-12T04:41:27.132Z,Undelivered Mail Returned to Sender
2023-01-01T00:00:00Z,legal@github.com,2025-10-12T04:41:27.293Z,Delivery Status Notification (Failure)
2023-01-01T00:00:00Z,vendor@stripe.com,2025-10-12T04:41:27.391Z,Delivery Status Notification (Failure)
2023-01-01T00:00:00Z,outreach@mail.cg-alert.com,2025-10-12T04:41:27.489Z,Undelivered Mail Returned to Sender
2023-01-01T00:00:00Z,purchasing@snowflake.com,2025-10-12T04:41:27.586Z,Delivery Status Notification (Failure)
2023-01-01T00:00:00Z,outreach@mail2.cg-alert.com,2025-10-12T04:41:27.697Z,Undelivered Mail Returned to Sender
2023-01-01T00:00:00Z,legal@github.com,2025-10-12T04:41:27.786Z,Delivery Status Notification (Failure)
2023-01-01T00:00:00Z,outreach@mail.cg-alert.com,2025-10-12T04:41:27.883Z,Undelivered Mail Returned to Sender
2023-01-01T00:00:00Z,purchasing@snowflake.com,2025-10-12T04:41:27.978Z,Delivery Status Notification (Failure)
2023-01-01T00:00:00Z,vendor@stripe.com,2025-10-12T04:41:28.069Z,Delivery Status Notification (Failure)
2023-01-01T00:00:00Z,outreach@mail2.cg-alert.com,2025-10-12T04:41:28.163Z,Undelivered Mail Returned to Sender
2023-01-01T00:00:00Z,legal@github.com,2025-10-12T04:41:28.259Z,Delivery Status Notification (Failure)
2023-01-01T00:00:00Z,vendor@stripe.com,2025-10-12T04:41:28.348Z,Delivery Status Notification (Failure)
2023-01-01T00:00:00Z,outreach@mail.cg-alert.com,2025-10-12T04:41:28.448Z,Undelivered Mail Returned to Sender
2023-01-01T00:00:00Z,ops@cg-alert.com,2025-10-12T04:52:18.754Z,Undelivered Mail Returned to Sender
2023-01-01T00:00:00Z,procurement@asana.com,2025-10-12T04:52:19.084Z,Delivery Status Notification (Failure)
2023-01-01T00:00:00Z,outreach@mail2.cg-alert.com,2025-10-12T04:52:19.189Z,Undelivered Mail Returned to Sender
2023-01-01T00:00:00Z,legal@github.com,2025-10-12T04:52:19.298Z,Delivery Status Notification (Failure)
2023-01-01T00:00:00Z,vendor@stripe.com,2025-10-12T04:52:19.408Z,Delivery Status Notification (Failure)
2023-01-01T00:00:00Z,outreach@mail.cg-alert.com,2025-10-12T04:52:19.514Z,Undelivered Mail Returned to Sender
2023-01-01T00:00:00Z,purchasing@snowflake.com,2025-10-12T04:52:19.625Z,Delivery Status Notification (Failure)
2023-01-01T00:00:00Z,outreach@mail2.cg-alert.com,2025-10-12T04:52:19.731Z,Undelivered Mail Returned to Sender
2023-01-01T00:00:00Z,legal@github.com,2025-10-12T04:52:19.837Z,Delivery Status Notification (Failure)
2023-01-01T00:00:00Z,outreach@mail.cg-alert.com,2025-10-12T04:52:19.939Z,Undelivered Mail Returned to Sender
2023-01-01T00:00:00Z,purchasing@snowflake.com,2025-10-12T04:52:20.047Z,Delivery Status Notification (Failure)
2023-01-01T00:00:00Z,vendor@stripe.com,2025-10-12T04:52:20.151Z,Delivery Status Notification (Failure)
2023-01-01T00:00:00Z,outreach@mail2.cg-alert.com,2025-10-12T04:52:20.250Z,Undelivered Mail Returned to Sender
2023-01-01T00:00:00Z,legal@github.com,2025-10-12T04:52:20.357Z,Delivery Status Notification (Failure)
2023-01-01T00:00:00Z,vendor@stripe.com,2025-10-12T04:52:20.469Z,Delivery Status Notification (Failure)
2023-01-01T00:00:00Z,outreach@mail.cg-alert.com,2025-10-12T04:52:20.564Z,Undelivered Mail Returned to Sender
2023-01-01T00:00:00Z,ops@cg-alert.com,2025-10-12T05:17:58.673Z,Undelivered Mail Returned to Sender
2023-01-01T00:00:00Z,procurement@asana.com,2025-10-12T05:17:59.077Z,Delivery Status Notification (Failure)
2023-01-01T00:00:00Z,outreach@mail2.cg-alert.com,2025-10-12T05:17:59.274Z,Undelivered Mail Returned to Sender
2023-01-01T00:00:00Z,legal@github.com,2025-10-12T05:17:59.466Z,Delivery Status Notification (Failure)
2023-01-01T00:00:00Z,vendor@stripe.com,2025-10-12T05:17:59.653Z,Delivery Status Notification (Failure)
2023-01-01T00:00:00Z,outreach@mail.cg-alert.com,2025-10-12T05:17:59.838Z,Undelivered Mail Returned to Sender
2023-01-01T00:00:00Z,purchasing@snowflake.com,2025-10-12T05:18:00.026Z,Delivery Status Notification (Failure)
2023-01-01T00:00:00Z,outreach@mail2.cg-alert.com,2025-10-12T05:18:00.206Z,Undelivered Mail Returned to Sender
2023-01-01T00:00:00Z,legal@github.com,2025-10-12T05:18:00.385Z,Delivery Status Notification (Failure)
2023-01-01T00:00:00Z,outreach@mail.cg-alert.com,2025-10-12T05:18:00.566Z,Undelivered Mail Returned to Sender
2023-01-01T00:00:00Z,purchasing@snowflake.com,2025-10-12T05:18:00.758Z,Delivery Status Notification (Failure)
2023-01-01T00:00:00Z,vendor@stripe.com,2025-10-12T05:18:00.943Z,Delivery Status Notification (Failure)
2023-01-01T00:00:00Z,outreach@mail2.cg-alert.com,2025-10-12T05:18:01.134Z,Undelivered Mail Returned to Sender
2023-01-01T00:00:00Z,legal@github.com,2025-10-12T05:18:01.318Z,Delivery Status Notification (Failure)
2023-01-01T00:00:00Z,vendor@stripe.com,2025-10-12T05:18:01.505Z,Delivery Status Notification (Failure)
2023-01-01T00:00:00Z,outreach@mail.cg-alert.com,2025-10-12T05:18:01.694Z,Undelivered Mail Returned to Sender
2023-01-01T00:00:00Z,ops@cg-alert.com,2025-10-12T05:38:59.933Z,Undelivered Mail Returned to Sender
2023-01-01T00:00:00Z,procurement@asana.com,2025-10-12T05:39:00.367Z,Delivery Status Notification (Failure)
2023-01-01T00:00:00Z,outreach@mail2.cg-alert.com,2025-10-12T05:39:00.553Z,Undelivered Mail Returned to Sender
2023-01-01T00:00:00Z,legal@github.com,2025-10-12T05:39:00.750Z,Delivery Status Notification (Failure)
2023-01-01T00:00:00Z,vendor@stripe.com,2025-10-12T05:39:00.944Z,Delivery Status Notification (Failure)
2023-01-01T00:00:00Z,outreach@mail.cg-alert.com,2025-10-12T05:39:01.139Z,Undelivered Mail Returned to Sender
2023-01-01T00:00:00Z,purchasing@snowflake.com,2025-10-12T05:39:01.381Z,Delivery Status Notification (Failure)
2023-01-01T00:00:00Z,outreach@mail2.cg-alert.com,2025-10-12T05:39:01.576Z,Undelivered Mail Returned to Sender
2023-01-01T00:00:00Z,legal@github.com,2025-10-12T05:39:01.766Z,Delivery Status Notification (Failure)
2023-01-01T00:00:00Z,outreach@mail.cg-alert.com,2025-10-12T05:39:01.957Z,Undelivered Mail Returned to Sender
2023-01-01T00:00:00Z,purchasing@snowflake.com,2025-10-12T05:39:02.145Z,Delivery Status Notification (Failure)
2023-01-01T00:00:00Z,vendor@stripe.com,2025-10-12T05:39:02.332Z,Delivery Status Notification (Failure)
2023-01-01T00:00:00Z,outreach@mail2.cg-alert.com,2025-10-12T05:39:02.517Z,Undelivered Mail Returned to Sender
2023-01-01T00:00:00Z,legal@github.com,2025-10-12T05:39:02.708Z,Delivery Status Notification (Failure)
2023-01-01T00:00:00Z,vendor@stripe.com,2025-10-12T05:39:02.894Z,Delivery Status Notification (Failure)
2023-01-01T00:00:00Z,outreach@mail.cg-alert.com,2025-10-12T05:39:03.083Z,Undelivered Mail Returned to Sender
2023-01-01T00:00:00Z,ops@cg-alert.com,2025-10-12T05:51:13.862Z,Undelivered Mail Returned to Sender
2023-01-01T00:00:00Z,procurement@asana.com,2025-10-12T05:51:14.156Z,Delivery Status Notification (Failure)
2023-01-01T00:00:00Z,outreach@mail2.cg-alert.com,2025-10-12T05:51:14.266Z,Undelivered Mail Returned to Sender
2023-01-01T00:00:00Z,legal@github.com,2025-10-12T05:51:14.379Z,Delivery Status Notification (Failure)
2023-01-01T00:00:00Z,vendor@stripe.com,2025-10-12T05:51:14.497Z,Delivery Status Notification (Failure)
2023-01-01T00:00:00Z,outreach@mail.cg-alert.com,2025-10-12T05:51:14.609Z,Undelivered Mail Returned to Sender
2023-01-01T00:00:00Z,purchasing@snowflake.com,2025-10-12T05:51:14.717Z,Delivery Status Notification (Failure)
2023-01-01T00:00:00Z,outreach@mail2.cg-alert.com,2025-10-12T05:51:14.822Z,Undelivered Mail Returned to Sender
2023-01-01T00:00:00Z,legal@github.com,2025-10-12T05:51:14.932Z,Delivery Status Notification (Failure)
2023-01-01T00:00:00Z,outreach@mail.cg-alert.com,2025-10-12T05:51:15.034Z,Undelivered Mail Returned to Sender
2023-01-01T00:00:00Z,purchasing@snowflake.com,2025-10-12T05:51:15.141Z,Delivery Status Notification (Failure)
2023-01-01T00:00:00Z,vendor@stripe.com,2025-10-12T05:51:15.249Z,Delivery Status Notification (Failure)
2023-01-01T00:00:00Z,outreach@mail2.cg-alert.com,2025-10-12T05:51:15.354Z,Undelivered Mail Returned to Sender
2023-01-01T00:00:00Z,legal@github.com,2025-10-12T05:51:15.461Z,Delivery Status Notification (Failure)
2023-01-01T00:00:00Z,vendor@stripe.com,2025-10-12T05:51:15.569Z,Delivery Status Notification (Failure)
2023-01-01T00:00:00Z,outreach@mail.cg-alert.com,2025-10-12T05:51:15.676Z,Undelivered Mail Returned to Sender
2023-01-01T00:00:00Z,ops@cg-alert.com,2025-10-12T06:27:01.687Z,Undelivered Mail Returned to Sender
2023-01-01T00:00:00Z,procurement@asana.com,2025-10-12T06:27:02.066Z,Delivery Status Notification (Failure)
2023-01-01T00:00:00Z,outreach@mail2.cg-alert.com,2025-10-12T06:27:02.183Z,Undelivered Mail Returned to Sender
2023-01-01T00:00:00Z,legal@github.com,2025-10-12T06:27:02.297Z,Delivery Status Notification (Failure)
2023-01-01T00:00:00Z,vendor@stripe.com,2025-10-12T06:27:02.408Z,Delivery Status Notification (Failure)
2023-01-01T00:00:00Z,outreach@mail.cg-alert.com,2025-10-12T06:27:02.517Z,Undelivered Mail Returned to Sender
2023-01-01T00:00:00Z,purchasing@snowflake.com,2025-10-12T06:27:02.641Z,Delivery Status Notification (Failure)
2023-01-01T00:00:00Z,outreach@mail2.cg-alert.com,2025-10-12T06:27:02.748Z,Undelivered Mail Returned to Sender
2023-01-01T00:00:00Z,legal@github.com,2025-10-12T06:27:02.898Z,Delivery Status Notification (Failure)
2023-01-01T00:00:00Z,outreach@mail.cg-alert.com,2025-10-12T06:27:02.998Z,Undelivered Mail Returned to Sender
2023-01-01T00:00:00Z,purchasing@snowflake.com,2025-10-12T06:27:03.109Z,Delivery Status Notification (Failure)
2023-01-01T00:00:00Z,vendor@stripe.com,2025-10-12T06:27:03.222Z,Delivery Status Notification (Failure)
2023-01-01T00:00:00Z,outreach@mail2.cg-alert.com,2025-10-12T06:27:03.325Z,Undelivered Mail Returned to Sender
2023-01-01T00:00:00Z,legal@github.com,2025-10-12T06:27:03.433Z,Delivery Status Notification (Failure)
2023-01-01T00:00:00Z,vendor@stripe.com,2025-10-12T06:27:03.541Z,Delivery Status Notification (Failure)
2023-01-01T00:00:00Z,outreach@mail.cg-alert.com,2025-10-12T06:27:03.646Z,Undelivered Mail Returned to Sender
2023-01-01T00:00:00Z,ops@cg-alert.com,2025-10-12T06:46:03.599Z,Undelivered Mail Returned to Sender
2023-01-01T00:00:00Z,procurement@asana.com,2025-10-12T06:46:03.907Z,Delivery Status Notification (Failure)
2023-01-01T00:00:00Z,outreach@mail2.cg-alert.com,2025-10-12T06:46:04.007Z,Undelivered Mail Returned to Sender
2023-01-01T00:00:00Z,legal@github.com,2025-10-12T06:46:04.106Z,Delivery Status Notification (Failure)
2023-01-01T00:00:00Z,vendor@stripe.com,2025-10-12T06:46:04.201Z,Delivery Status Notification (Failure)
2023-01-01T00:00:00Z,outreach@mail.cg-alert.com,2025-10-12T06:46:04.312Z,Undelivered Mail Returned to Sender
2023-01-01T00:00:00Z,purchasing@snowflake.com,2025-10-12T06:46:04.421Z,Delivery Status Notification (Failure)
2023-01-01T00:00:00Z,outreach@mail2.cg-alert.com,2025-10-12T06:46:04.527Z,Undelivered Mail Returned to Sender
2023-01-01T00:00:00Z,legal@github.com,2025-10-12T06:46:04.626Z,Delivery Status Notification (Failure)
2023-01-01T00:00:00Z,outreach@mail.cg-alert.com,2025-10-12T06:46:04.724Z,Undelivered Mail Returned to Sender
2023-01-01T00:00:00Z,purchasing@snowflake.com,2025-10-12T06:46:04.821Z,Delivery Status Notification (Failure)
2023-01-01T00:00:00Z,vendor@stripe.com,2025-10-12T06:46:04.919Z,Delivery Status Notification (Failure)
2023-01-01T00:00:00Z,outreach@mail2.cg-alert.com,2025-10-12T06:46:05.019Z,Undelivered Mail Returned to Sender
2023-01-01T00:00:00Z,legal@github.com,2025-10-12T06:46:05.119Z,Delivery Status Notification (Failure)
2023-01-01T00:00:00Z,vendor@stripe.com,2025-10-12T06:46:05.216Z,Delivery Status Notification (Failure)
2023-01-01T00:00:00Z,outreach@mail.cg-alert.com,2025-10-12T06:46:05.311Z,Undelivered Mail Returned to Sender
2023-01-01T00:00:00Z,ops@cg-alert.com,2025-10-12T07:16:55.158Z,Undelivered Mail Returned to Sender
2023-01-01T00:00:00Z,procurement@asana.com,2025-10-12T07:16:55.604Z,Delivery Status Notification (Failure)
2023-01-01T00:00:00Z,outreach@mail2.cg-alert.com,2025-10-12T07:16:55.726Z,Undelivered Mail Returned to Sender
2023-01-01T00:00:00Z,legal@github.com,2025-10-12T07:16:55.857Z,Delivery Status Notification (Failure)
2023-01-01T00:00:00Z,vendor@stripe.com,2025-10-12T07:16:55.983Z,Delivery Status Notification (Failure)
2023-01-01T00:00:00Z,outreach@mail.cg-alert.com,2025-10-12T07:16:56.108Z,Undelivered Mail Returned to Sender
2023-01-01T00:00:00Z,purchasing@snowflake.com,2025-10-12T07:16:56.238Z,Delivery Status Notification (Failure)
2023-01-01T00:00:00Z,outreach@mail2.cg-alert.com,2025-10-12T07:16:56.367Z,Undelivered Mail Returned to Sender
2023-01-01T00:00:00Z,legal@github.com,2025-10-12T07:16:56.496Z,Delivery Status Notification (Failure)
2023-01-01T00:00:00Z,outreach@mail.cg-alert.com,2025-10-12T07:16:56.631Z,Undelivered Mail Returned to Sender
2023-01-01T00:00:00Z,purchasing@snowflake.com,2025-10-12T07:16:56.754Z,Delivery Status Notification (Failure)
2023-01-01T00:00:00Z,vendor@stripe.com,2025-10-12T07:16:56.883Z,Delivery Status Notification (Failure)
2023-01-01T00:00:00Z,outreach@mail2.cg-alert.com,2025-10-12T07:16:57.000Z,Undelivered Mail Returned to Sender
2023-01-01T00:00:00Z,legal@github.com,2025-10-12T07:16:57.243Z,Delivery Status Notification (Failure)
2023-01-01T00:00:00Z,vendor@stripe.com,2025-10-12T07:16:57.367Z,Delivery Status Notification (Failure)
2023-01-01T00:00:00Z,outreach@mail.cg-alert.com,2025-10-12T07:16:57.488Z,Undelivered Mail Returned to Sender
2023-01-01T00:00:00Z,ops@cg-alert.com,2025-10-12T07:37:21.360Z,Undelivered Mail Returned to Sender
2023-01-01T00:00:00Z,procurement@asana.com,2025-10-12T07:37:21.870Z,Delivery Status Notification (Failure)
2023-01-01T00:00:00Z,outreach@mail2.cg-alert.com,2025-10-12T07:37:22.047Z,Undelivered Mail Returned to Sender
2023-01-01T00:00:00Z,legal@github.com,2025-10-12T07:37:22.191Z,Delivery Status Notification (Failure)
2023-01-01T00:00:00Z,vendor@stripe.com,2025-10-12T07:37:22.490Z,Delivery Status Notification (Failure)
2023-01-01T00:00:00Z,outreach@mail.cg-alert.com,2025-10-12T07:37:22.641Z,Undelivered Mail Returned to Sender
2023-01-01T00:00:00Z,purchasing@snowflake.com,2025-10-12T07:37:22.852Z,Delivery Status Notification (Failure)
2023-01-01T00:00:00Z,outreach@mail2.cg-alert.com,2025-10-12T07:37:23.049Z,Undelivered Mail Returned to Sender
2023-01-01T00:00:00Z,legal@github.com,2025-10-12T07:37:23.269Z,Delivery Status Notification (Failure)
2023-01-01T00:00:00Z,outreach@mail.cg-alert.com,2025-10-12T07:37:23.427Z,Undelivered Mail Returned to Sender
2023-01-01T00:00:00Z,purchasing@snowflake.com,2025-10-12T07:37:23.576Z,Delivery Status Notification (Failure)
2023-01-01T00:00:00Z,vendor@stripe.com,2025-10-12T07:37:23.730Z,Delivery Status Notification (Failure)
2023-01-01T00:00:00Z,outreach@mail2.cg-alert.com,2025-10-12T07:37:23.956Z,Undelivered Mail Returned to Sender
2023-01-01T00:00:00Z,legal@github.com,2025-10-12T07:37:24.083Z,Delivery Status Notification (Failure)
2023-01-01T00:00:00Z,vendor@stripe.com,2025-10-12T07:37:24.381Z,Delivery Status Notification (Failure)
2023-01-01T00:00:00Z,outreach@mail.cg-alert.com,2025-10-12T07:37:24.527Z,Undelivered Mail Returned to Sender
2023-01-01T00:00:00Z,ops@cg-alert.com,2025-10-12T07:51:32.154Z,Undelivered Mail Returned to Sender
2023-01-01T00:00:00Z,procurement@asana.com,2025-10-12T07:51:32.520Z,Delivery Status Notification (Failure)
2023-01-01T00:00:00Z,outreach@mail2.cg-alert.com,2025-10-12T07:51:32.640Z,Undelivered Mail Returned to Sender
2023-01-01T00:00:00Z,legal@github.com,2025-10-12T07:51:32.761Z,Delivery Status Notification (Failure)
2023-01-01T00:00:00Z,vendor@stripe.com,2025-10-12T07:51:32.922Z,Delivery Status Notification (Failure)
2023-01-01T00:00:00Z,outreach@mail.cg-alert.com,2025-10-12T07:51:33.124Z,Undelivered Mail Returned to Sender
2023-01-01T00:00:00Z,purchasing@snowflake.com,2025-10-12T07:51:33.247Z,Delivery Status Notification (Failure)
2023-01-01T00:00:00Z,outreach@mail2.cg-alert.com,2025-10-12T07:51:33.395Z,Undelivered Mail Returned to Sender
2023-01-01T00:00:00Z,legal@github.com,2025-10-12T07:51:33.502Z,Delivery Status Notification (Failure)
2023-01-01T00:00:00Z,outreach@mail.cg-alert.com,2025-10-12T07:51:33.744Z,Undelivered Mail Returned to Sender
2023-01-01T00:00:00Z,purchasing@snowflake.com,2025-10-12T07:51:33.851Z,Delivery Status Notification (Failure)
2023-01-01T00:00:00Z,vendor@stripe.com,2025-10-12T07:51:33.970Z,Delivery Status Notification (Failure)
2023-01-01T00:00:00Z,outreach@mail2.cg-alert.com,2025-10-12T07:51:34.081Z,Undelivered Mail Returned to Sender
2023-01-01T00:00:00Z,legal@github.com,2025-10-12T07:51:34.189Z,Delivery Status Notification (Failure)
2023-01-01T00:00:00Z,vendor@stripe.com,2025-10-12T07:51:34.367Z,Delivery Status Notification (Failure)
2023-01-01T00:00:00Z,outreach@mail.cg-alert.com,2025-10-12T07:51:34.489Z,Undelivered Mail Returned to Sender
2023-01-01T00:00:00Z,ops@cg-alert.com,2025-10-12T08:22:50.997Z,Undelivered Mail Returned to Sender
2023-01-01T00:00:00Z,procurement@asana.com,2025-10-12T08:22:51.311Z,Delivery Status Notification (Failure)
2023-01-01T00:00:00Z,outreach@mail2.cg-alert.com,2025-10-12T08:22:51.426Z,Undelivered Mail Returned to Sender
2023-01-01T00:00:00Z,legal@github.com,2025-10-12T08:22:51.580Z,Delivery Status Notification (Failure)
2023-01-01T00:00:00Z,vendor@stripe.com,2025-10-12T08:22:51.721Z,Delivery Status Notification (Failure)
2023-01-01T00:00:00Z,outreach@mail.cg-alert.com,2025-10-12T08:22:51.827Z,Undelivered Mail Returned to Sender
2023-01-01T00:00:00Z,purchasing@snowflake.com,2025-10-12T08:22:51.935Z,Delivery Status Notification (Failure)
2023-01-01T00:00:00Z,outreach@mail2.cg-alert.com,2025-10-12T08:22:52.039Z,Undelivered Mail Returned to Sender
2023-01-01T00:00:00Z,legal@github.com,2025-10-12T08:22:52.140Z,Delivery Status Notification (Failure)
2023-01-01T00:00:00Z,outreach@mail.cg-alert.com,2025-10-12T08:22:52.245Z,Undelivered Mail Returned to Sender
2023-01-01T00:00:00Z,purchasing@snowflake.com,2025-10-12T08:22:52.348Z,Delivery Status Notification (Failure)
2023-01-01T00:00:00Z,vendor@stripe.com,2025-10-12T08:22:52.449Z,Delivery Status Notification (Failure)
2023-01-01T00:00:00Z,outreach@mail2.cg-alert.com,2025-10-12T08:22:52.560Z,Undelivered Mail Returned to Sender
2023-01-01T00:00:00Z,legal@github.com,2025-10-12T08:22:52.668Z,Delivery Status Notification (Failure)
2023-01-01T00:00:00Z,vendor@stripe.com,2025-10-12T08:22:52.768Z,Delivery Status Notification (Failure)
2023-01-01T00:00:00Z,outreach@mail.cg-alert.com,2025-10-12T08:22:52.873Z,Undelivered Mail Returned to Sender
2023-01-01T00:00:00Z,ops@cg-alert.com,2025-10-12T08:41:40.548Z,Undelivered Mail Returned to Sender
2023-01-01T00:00:00Z,procurement@asana.com,2025-10-12T08:41:40.895Z,Delivery Status Notification (Failure)
2023-01-01T00:00:00Z,outreach@mail2.cg-alert.com,2025-10-12T08:41:41.072Z,Undelivered Mail Returned to Sender
2023-01-01T00:00:00Z,legal@github.com,2025-10-12T08:41:41.250Z,Delivery Status Notification (Failure)
2023-01-01T00:00:00Z,vendor@stripe.com,2025-10-12T08:41:41.421Z,Delivery Status Notification (Failure)
2023-01-01T00:00:00Z,outreach@mail.cg-alert.com,2025-10-12T08:41:41.597Z,Undelivered Mail Returned to Sender
2023-01-01T00:00:00Z,purchasing@snowflake.com,2025-10-12T08:41:41.766Z,Delivery Status Notification (Failure)
2023-01-01T00:00:00Z,outreach@mail2.cg-alert.com,2025-10-12T08:41:41.938Z,Undelivered Mail Returned to Sender
2023-01-01T00:00:00Z,legal@github.com,2025-10-12T08:41:42.112Z,Delivery Status Notification (Failure)
2023-01-01T00:00:00Z,outreach@mail.cg-alert.com,2025-10-12T08:41:42.287Z,Undelivered Mail Returned to Sender
2023-01-01T00:00:00Z,purchasing@snowflake.com,2025-10-12T08:41:42.460Z,Delivery Status Notification (Failure)
2023-01-01T00:00:00Z,vendor@stripe.com,2025-10-12T08:41:42.637Z,Delivery Status Notification (Failure)
2023-01-01T00:00:00Z,outreach@mail2.cg-alert.com,2025-10-12T08:41:42.813Z,Undelivered Mail Returned to Sender
2023-01-01T00:00:00Z,legal@github.com,2025-10-12T08:41:42.989Z,Delivery Status Notification (Failure)
2023-01-01T00:00:00Z,vendor@stripe.com,2025-10-12T08:41:43.159Z,Delivery Status Notification (Failure)
2023-01-01T00:00:00Z,outreach@mail.cg-alert.com,2025-10-12T08:41:43.325Z,Undelivered Mail Returned to Sender
2023-01-01T00:00:00Z,ops@cg-alert.com,2025-10-12T08:52:42.412Z,Undelivered Mail Returned to Sender
2023-01-01T00:00:00Z,procurement@asana.com,2025-10-12T08:52:42.694Z,Delivery Status Notification (Failure)
2023-01-01T00:00:00Z,outreach@mail2.cg-alert.com,2025-10-12T08:52:42.790Z,Undelivered Mail Returned to Sender
2023-01-01T00:00:00Z,legal@github.com,2025-10-12T08:52:42.885Z,Delivery Status Notification (Failure)
2023-01-01T00:00:00Z,vendor@stripe.com,2025-10-12T08:52:42.987Z,Delivery Status Notification (Failure)
2023-01-01T00:00:00Z,outreach@mail.cg-alert.com,2025-10-12T08:52:43.085Z,Undelivered Mail Returned to Sender
2023-01-01T00:00:00Z,purchasing@snowflake.com,2025-10-12T08:52:43.184Z,Delivery Status Notification (Failure)
2023-01-01T00:00:00Z,outreach@mail2.cg-alert.com,2025-10-12T08:52:43.275Z,Undelivered Mail Returned to Sender
2023-01-01T00:00:00Z,legal@github.com,2025-10-12T08:52:43.373Z,Delivery Status Notification (Failure)
2023-01-01T00:00:00Z,outreach@mail.cg-alert.com,2025-10-12T08:52:43.470Z,Undelivered Mail Returned to Sender
2023-01-01T00:00:00Z,purchasing@snowflake.com,2025-10-12T08:52:43.567Z,Delivery Status Notification (Failure)
2023-01-01T00:00:00Z,vendor@stripe.com,2025-10-12T08:52:43.667Z,Delivery Status Notification (Failure)
2023-01-01T00:00:00Z,outreach@mail2.cg-alert.com,2025-10-12T08:52:43.775Z,Undelivered Mail Returned to Sender
2023-01-01T00:00:00Z,legal@github.com,2025-10-12T08:52:43.865Z,Delivery Status Notification (Failure)
2023-01-01T00:00:00Z,vendor@stripe.com,2025-10-12T08:52:43.969Z,Delivery Status Notification (Failure)
2023-01-01T00:00:00Z,outreach@mail.cg-alert.com,2025-10-12T08:52:44.068Z,Undelivered Mail Returned to Sender
2023-01-01T00:00:00Z,ops@cg-alert.com,2025-10-12T09:18:01.181Z,Undelivered Mail Returned to Sender
2023-01-01T00:00:00Z,procurement@asana.com,2025-10-12T09:18:01.601Z,Delivery Status Notification (Failure)
2023-01-01T00:00:00Z,outreach@mail2.cg-alert.com,2025-10-12T09:18:01.759Z,Undelivered Mail Returned to Sender
2023-01-01T00:00:00Z,legal@github.com,2025-10-12T09:18:01.881Z,Delivery Status Notification (Failure)
2023-01-01T00:00:00Z,vendor@stripe.com,2025-10-12T09:18:02.015Z,Delivery Status Notification (Failure)
2023-01-01T00:00:00Z,outreach@mail.cg-alert.com,2025-10-12T09:18:02.128Z,Undelivered Mail Returned to Sender
2023-01-01T00:00:00Z,purchasing@snowflake.com,2025-10-12T09:18:02.275Z,Delivery Status Notification (Failure)
2023-01-01T00:00:00Z,outreach@mail2.cg-alert.com,2025-10-12T09:18:02.432Z,Undelivered Mail Returned to Sender
2023-01-01T00:00:00Z,legal@github.com,2025-10-12T09:18:02.646Z,Delivery Status Notification (Failure)
2023-01-01T00:00:00Z,outreach@mail.cg-alert.com,2025-10-12T09:18:02.743Z,Undelivered Mail Returned to Sender
2023-01-01T00:00:00Z,purchasing@snowflake.com,2025-10-12T09:18:02.991Z,Delivery Status Notification (Failure)
2023-01-01T00:00:00Z,vendor@stripe.com,2025-10-12T09:18:03.093Z,Delivery Status Notification (Failure)
2023-01-01T00:00:00Z,outreach@mail2.cg-alert.com,2025-10-12T09:18:03.202Z,Undelivered Mail Returned to Sender
2023-01-01T00:00:00Z,legal@github.com,2025-10-12T09:18:03.301Z,Delivery Status Notification (Failure)
2023-01-01T00:00:00Z,vendor@stripe.com,2025-10-12T09:18:03.403Z,Delivery Status Notification (Failure)
2023-01-01T00:00:00Z,outreach@mail.cg-alert.com,2025-10-12T09:18:03.500Z,Undelivered Mail Returned to Sender
2023-01-01T00:00:00Z,procurement@asana.com,smtp; The email account that you tried to reach does not exist. Please try double-checking the recipient's email address for typos or unnecessary spaces. For more information; go to https://support.google.com/mail/?p=NoSuchUser,2025-10-11T15:33:24.000Z
2023-01-01T00:00:00Z,vendor@stripe.com,smtp; The email account that you tried to reach does not exist. Please try double-checking the recipient's email address for typos or unnecessary spaces. For more information; go to https://support.google.com/mail/?p=NoSuchUser,2025-10-11T15:43:50.000Z
2023-01-01T00:00:00Z,purchasing@twilio.com,smtp; The email account that you tried to reach does not exist. Please try double-checking the recipient's email address for typos or unnecessary spaces. For more information; go to https://support.google.com/mail/?p=NoSuchUser,2025-10-06T17:40:24.000Z
2023-01-01T00:00:00Z,purchasing@snowflake.com,smtp; The email account that you tried to reach does not exist. Please try double-checking the recipient's email address for typos or unnecessary spaces. For more information; go to https://support.google.com/mail/?p=NoSuchUser,2025-10-11T15:34:11.000Z
2023-01-01T00:00:00Z,procurement@notion.so,Host not reachable.,2025-10-10T17:30:47.000Z
2023-01-01T00:00:00Z,vendor@linear.app,5.1.1 The email account that you tried to reach does not exist. Please try,2025-10-11T15:43:39.000Z
2023-01-01T00:00:00Z,procurement@slack.com,5.1.1 The email account that you tried to reach does not exist. Please try,2025-10-11T15:44:01.000Z
2025-10-11T07:37:16Z,procurement@asana.com,Delivery Status Notification (Failure),
