b.stripecdn.com,stripe.com,https://stripe.com/partners
w3.org,stripe.com,https://stripe.com/partners
support-conversations.stripe.com,stripe.com,https://stripe.com/partners
images.stripeassets.com,stripe.com,https://stripe.com/partners
assets.stripeassets.com,stripe.com,https://stripe.com/partners
q.stripe.com,stripe.com,https://stripe.com/partners
dashboard.stripe.com,stripe.com,https://stripe.com/partners
marketplace.stripe.com,stripe.com,https://stripe.com/partners
docs.stripe.com,stripe.com,https://stripe.com/partners
status.stripe.com,stripe.com,https://stripe.com/partners
support.stripe.com,stripe.com,https://stripe.com/partners
press.stripe.com,stripe.com,https://stripe.com/partners
github.com,stripe.com,https://stripe.com/partners
portal.stripe.partners,stripe.com,https://stripe.com/partners
stripe.partners,stripe.com,https://stripe.com/partners
privacy.stripe.com,stripe.com,https://stripe.com/partners
cdn.auth0.com,auth0.com,https://auth0.com/partners
cdnjs.cloudflare.com,auth0.com,https://auth0.com/partners
j.6sc.co,auth0.com,https://auth0.com/partners
googletagmanager.com,auth0.com,https://auth0.com/partners
okta-elevate.partner-experience.com,auth0.com,https://auth0.com/partners
images.ctfassets.net,auth0.com,https://auth0.com/partners
marketplace.auth0.com,auth0.com,https://auth0.com/partners
azure.microsoft.com,auth0.com,https://auth0.com/partners
guidepointsecurity.com,auth0.com,https://auth0.com/partners
pwc.com,auth0.com,https://auth0.com/partners
cognizant.com,auth0.com,https://auth0.com/partners
splunk.com,auth0.com,https://auth0.com/partners
datadoghq.com,auth0.com,https://auth0.com/partners
hashicorp.com,auth0.com,https://auth0.com/partners
cdn.optimizely.com,asana.com,https://asana.com/partners
cdn.cookielaw.org,asana.com,https://asana.com/partners
google-analytics.com,asana.com,https://asana.com/partners
assets.asana.biz,asana.com,https://asana.com/partners
brand.asana.biz,asana.com,https://asana.com/partners
schema.org,asana.com,https://asana.com/partners
instagram.com,asana.com,https://asana.com/partners
api.ipify.org,asana.com,https://asana.com/partners
ad.doubleclick.net,asana.com,https://asana.com/partners
luna1.co,asana.com,https://asana.com/partners
app.asana.com,asana.com,https://asana.com/partners
t-antenna.asana.com,asana.com,https://asana.com/partners
help.asana.com,asana.com,https://asana.com/partners
academy.asana.com,asana.com,https://asana.com/partners
forum.asana.com,asana.com,https://asana.com/partners
asana.my.salesforce-sites.com,asana.com,https://asana.com/partners
assets.ctfassets.net,asana.com,https://asana.com/partners
asana.my.site.com,asana.com,https://asana.com/partners
partnerlearning.asana.com,asana.com,https://asana.com/partners
developers.asana.com,asana.com,https://asana.com/partners
investors.asana.com,asana.com,https://asana.com/partners
x.com,asana.com,https://asana.com/partners
itunes.apple.com,asana.com,https://asana.com/partners
play.google.com,asana.com,https://asana.com/partners
form.jotform.com,asana.com,https://asana.com/partners
resources.asana.com,asana.com,https://asana.com/partners
na-ab39.marketo.com,asana.com,https://asana.com/partners
onetrust.com,auth0.com,https://auth0.com/partners
onfido.com,auth0.com,https://auth0.com/partners
optiv.com,auth0.com,https://auth0.com/partners
elements.heroku.com,auth0.com,https://auth0.com/partners
729solutions.com,auth0.com,https://auth0.com/partners/directory
8gears.com,auth0.com,https://auth0.com/partners/directory
abacuscambridge.com,auth0.com,https://auth0.com/partners/directory
adviseu.com.br,auth0.com,https://auth0.com/partners/directory
ae.be,auth0.com,https://auth0.com/partners/directory
ae.studio,auth0.com,https://auth0.com/partners/directory
altostra.com,auth0.com,https://auth0.com/partners/directory
amdaris.com,auth0.com,https://auth0.com/partners/directory
authid.ai,auth0.com,https://auth0.com/partners/directory
