acme.com,acme corp,https://acme.com,acme corp/pricing,Pricing
acme.com,acme corp,https://acme.com,acme corp/plans,Pricing
acme.com,acme corp,https://acme.com,acme corp/terms,ToS
acme.com,acme corp,https://acme.com,acme corp/tos,ToS
acme.com,acme corp,https://acme.com,acme corp/legal/terms,ToS
acme.com,acme corp,https://acme.com,acme corp/privacy,Privacy
acme.com,acme corp,https://acme.com,acme corp/privacy-policy,Privacy
acme.com,acme corp,https://acme.com,acme corp/legal/privacy,Privacy
acme.com,acme corp,https://acme.com,acme corp/dpa,DPA
acme.com,acme corp,https://acme.com,acme corp/legal/dpa,DPA
acme.com,acme corp,https://acme.com,acme corp/data-processing-addendum,DPA
acme.com,acme corp,https://acme.com,acme corp/subprocessors,Subprocessors
acme.com,acme corp,https://acme.com,acme corp/sub-processors,Subprocessors
acme.com,acme corp,https://acme.com,acme corp/legal/subprocessors,Subprocessors
acme.com,acme corp,https://acme.com,acme corp/.well-known/security.txt,Security
acme.com,acme corp,https://acme.com,acme corp/status,Status
acme.com,acme corp,https://status.acme.com,acme corp/,Status
globex.com,globex,https://globex.com,globex/pricing,Pricing
globex.com,globex,https://globex.com,globex/plans,Pricing
globex.com,globex,https://globex.com,globex/terms,ToS
globex.com,globex,https://globex.com,globex/tos,ToS
globex.com,globex,https://globex.com,globex/legal/terms,ToS
globex.com,globex,https://globex.com,globex/privacy,Privacy
globex.com,globex,https://globex.com,globex/privacy-policy,Privacy
globex.com,globex,https://globex.com,globex/legal/privacy,Privacy
globex.com,globex,https://globex.com,globex/dpa,DPA
globex.com,globex,https://globex.com,globex/legal/dpa,DPA
globex.com,globex,https://globex.com,globex/data-processing-addendum,DPA
globex.com,globex,https://globex.com,globex/subprocessors,Subprocessors
globex.com,globex,https://globex.com,globex/sub-processors,Subprocessors
globex.com,globex,https://globex.com,globex/legal/subprocessors,Subprocessors
globex.com,globex,https://globex.com,globex/.well-known/security.txt,Security
globex.com,globex,https://globex.com,globex/status,Status
globex.com,globex,https://status.globex.com,globex/,Status
atlassian.com,atlassian,https://atlassian.com,atlassian/pricing,Pricing
atlassian.com,atlassian,https://atlassian.com,atlassian/plans,Pricing
atlassian.com,atlassian,https://atlassian.com,atlassian/terms,ToS
atlassian.com,atlassian,https://atlassian.com,atlassian/tos,ToS
atlassian.com,atlassian,https://atlassian.com,atlassian/legal/terms,ToS
atlassian.com,atlassian,https://atlassian.com,atlassian/privacy,Privacy
atlassian.com,atlassian,https://atlassian.com,atlassian/privacy-policy,Privacy
atlassian.com,atlassian,https://atlassian.com,atlassian/legal/privacy,Privacy
atlassian.com,atlassian,https://atlassian.com,atlassian/dpa,DPA
atlassian.com,atlassian,https://atlassian.com,atlassian/legal/dpa,DPA
atlassian.com,atlassian,https://atlassian.com,atlassian/data-processing-addendum,DPA
atlassian.com,atlassian,https://atlassian.com,atlassian/subprocessors,Subprocessors
atlassian.com,atlassian,https://atlassian.com,atlassian/sub-processors,Subprocessors
atlassian.com,atlassian,https://atlassian.com,atlassian/legal/subprocessors,Subprocessors
atlassian.com,atlassian,https://atlassian.com,atlassian/.well-known/security.txt,Security
atlassian.com,atlassian,https://atlassian.com,atlassian/status,Status
atlassian.com,atlassian,https://status.atlassian.com,atlassian/,Status
stripe.com,stripe,https://stripe.com,stripe/pricing,Pricing
stripe.com,stripe,https://stripe.com,stripe/plans,Pricing
stripe.com,stripe,https://stripe.com,stripe/terms,ToS
stripe.com,stripe,https://stripe.com,stripe/tos,ToS
stripe.com,stripe,https://stripe.com,stripe/legal/terms,ToS
stripe.com,stripe,https://stripe.com,stripe/privacy,Privacy
stripe.com,stripe,https://stripe.com,stripe/privacy-policy,Privacy
stripe.com,stripe,https://stripe.com,stripe/legal/privacy,Privacy
stripe.com,stripe,https://stripe.com,stripe/dpa,DPA
stripe.com,stripe,https://stripe.com,stripe/legal/dpa,DPA
stripe.com,stripe,https://stripe.com,stripe/data-processing-addendum,DPA
stripe.com,stripe,https://stripe.com,stripe/subprocessors,Subprocessors
stripe.com,stripe,https://stripe.com,stripe/sub-processors,Subprocessors
stripe.com,stripe,https://stripe.com,stripe/legal/subprocessors,Subprocessors
stripe.com,stripe,https://stripe.com,stripe/.well-known/security.txt,Security
stripe.com,stripe,https://stripe.com,stripe/status,Status
stripe.com,stripe,https://status.stripe.com,stripe/,Status
cloudflare.com,cloudflare,https://cloudflare.com,cloudflare/pricing,Pricing
cloudflare.com,cloudflare,https://cloudflare.com,cloudflare/plans,Pricing
cloudflare.com,cloudflare,https://cloudflare.com,cloudflare/terms,ToS
cloudflare.com,cloudflare,https://cloudflare.com,cloudflare/tos,ToS
cloudflare.com,cloudflare,https://cloudflare.com,cloudflare/legal/terms,ToS
cloudflare.com,cloudflare,https://cloudflare.com,cloudflare/privacy,Privacy
cloudflare.com,cloudflare,https://cloudflare.com,cloudflare/privacy-policy,Privacy
cloudflare.com,cloudflare,https://cloudflare.com,cloudflare/legal/privacy,Privacy
cloudflare.com,cloudflare,https://cloudflare.com,cloudflare/dpa,DPA
cloudflare.com,cloudflare,https://cloudflare.com,cloudflare/legal/dpa,DPA
cloudflare.com,cloudflare,https://cloudflare.com,cloudflare/data-processing-addendum,DPA
cloudflare.com,cloudflare,https://cloudflare.com,cloudflare/subprocessors,Subprocessors
cloudflare.com,cloudflare,https://cloudflare.com,cloudflare/sub-processors,Subprocessors
cloudflare.com,cloudflare,https://cloudflare.com,cloudflare/legal/subprocessors,Subprocessors
cloudflare.com,cloudflare,https://cloudflare.com,cloudflare/.well-known/security.txt,Security
cloudflare.com,cloudflare,https://cloudflare.com,cloudflare/status,Status
cloudflare.com,cloudflare,https://status.cloudflare.com,cloudflare/,Status
notion.so,notion,https://notion.so,notion/pricing,Pricing
notion.so,notion,https://notion.so,notion/plans,Pricing
notion.so,notion,https://notion.so,notion/terms,ToS
notion.so,notion,https://notion.so,notion/tos,ToS
notion.so,notion,https://notion.so,notion/legal/terms,ToS
notion.so,notion,https://notion.so,notion/privacy,Privacy
notion.so,notion,https://notion.so,notion/privacy-policy,Privacy
notion.so,notion,https://notion.so,notion/legal/privacy,Privacy
notion.so,notion,https://notion.so,notion/dpa,DPA
notion.so,notion,https://notion.so,notion/legal/dpa,DPA
notion.so,notion,https://notion.so,notion/data-processing-addendum,DPA
notion.so,notion,https://notion.so,notion/subprocessors,Subprocessors
notion.so,notion,https://notion.so,notion/sub-processors,Subprocessors
notion.so,notion,https://notion.so,notion/legal/subprocessors,Subprocessors
notion.so,notion,https://notion.so,notion/.well-known/security.txt,Security
notion.so,notion,https://notion.so,notion/status,Status
notion.so,notion,https://status.notion.so,notion/,Status
datadoghq.com,datadog,https://datadoghq.com,datadog/pricing,Pricing
datadoghq.com,datadog,https://datadoghq.com,datadog/plans,Pricing
datadoghq.com,datadog,https://datadoghq.com,datadog/terms,ToS
datadoghq.com,datadog,https://datadoghq.com,datadog/tos,ToS
datadoghq.com,datadog,https://datadoghq.com,datadog/legal/terms,ToS
datadoghq.com,datadog,https://datadoghq.com,datadog/privacy,Privacy
datadoghq.com,datadog,https://datadoghq.com,datadog/privacy-policy,Privacy
datadoghq.com,datadog,https://datadoghq.com,datadog/legal/privacy,Privacy
datadoghq.com,datadog,https://datadoghq.com,datadog/dpa,DPA
datadoghq.com,datadog,https://datadoghq.com,datadog/legal/dpa,DPA
datadoghq.com,datadog,https://datadoghq.com,datadog/data-processing-addendum,DPA
datadoghq.com,datadog,https://datadoghq.com,datadog/subprocessors,Subprocessors
datadoghq.com,datadog,https://datadoghq.com,datadog/sub-processors,Subprocessors
datadoghq.com,datadog,https://datadoghq.com,datadog/legal/subprocessors,Subprocessors
datadoghq.com,datadog,https://datadoghq.com,datadog/.well-known/security.txt,Security
datadoghq.com,datadog,https://datadoghq.com,datadog/status,Status
datadoghq.com,datadog,https://status.datadoghq.com,datadog/,Status
twilio.com,twilio,https://twilio.com,twilio/pricing,Pricing
twilio.com,twilio,https://twilio.com,twilio/plans,Pricing
twilio.com,twilio,https://twilio.com,twilio/terms,ToS
twilio.com,twilio,https://twilio.com,twilio/tos,ToS
twilio.com,twilio,https://twilio.com,twilio/legal/terms,ToS
twilio.com,twilio,https://twilio.com,twilio/privacy,Privacy
twilio.com,twilio,https://twilio.com,twilio/privacy-policy,Privacy
twilio.com,twilio,https://twilio.com,twilio/legal/privacy,Privacy
twilio.com,twilio,https://twilio.com,twilio/dpa,DPA
twilio.com,twilio,https://twilio.com,twilio/legal/dpa,DPA
twilio.com,twilio,https://twilio.com,twilio/data-processing-addendum,DPA
twilio.com,twilio,https://twilio.com,twilio/subprocessors,Subprocessors
twilio.com,twilio,https://twilio.com,twilio/sub-processors,Subprocessors
twilio.com,twilio,https://twilio.com,twilio/legal/subprocessors,Subprocessors
twilio.com,twilio,https://twilio.com,twilio/.well-known/security.txt,Security
twilio.com,twilio,https://twilio.com,twilio/status,Status
twilio.com,twilio,https://status.twilio.com,twilio/,Status
auth0.com,auth0,https://auth0.com,auth0/pricing,Pricing
auth0.com,auth0,https://auth0.com,auth0/plans,Pricing
auth0.com,auth0,https://auth0.com,auth0/terms,ToS
auth0.com,auth0,https://auth0.com,auth0/tos,ToS
auth0.com,auth0,https://auth0.com,auth0/legal/terms,ToS
auth0.com,auth0,https://auth0.com,auth0/privacy,Privacy
auth0.com,auth0,https://auth0.com,auth0/privacy-policy,Privacy
auth0.com,auth0,https://auth0.com,auth0/legal/privacy,Privacy
auth0.com,auth0,https://auth0.com,auth0/dpa,DPA
auth0.com,auth0,https://auth0.com,auth0/legal/dpa,DPA
auth0.com,auth0,https://auth0.com,auth0/data-processing-addendum,DPA
auth0.com,auth0,https://auth0.com,auth0/subprocessors,Subprocessors
auth0.com,auth0,https://auth0.com,auth0/sub-processors,Subprocessors
auth0.com,auth0,https://auth0.com,auth0/legal/subprocessors,Subprocessors
auth0.com,auth0,https://auth0.com,auth0/.well-known/security.txt,Security
auth0.com,auth0,https://auth0.com,auth0/status,Status
auth0.com,auth0,https://status.auth0.com,auth0/,Status
slack.com,slack,https://slack.com,slack/pricing,Pricing
slack.com,slack,https://slack.com,slack/plans,Pricing
slack.com,slack,https://slack.com,slack/terms,ToS
slack.com,slack,https://slack.com,slack/tos,ToS
slack.com,slack,https://slack.com,slack/legal/terms,ToS
slack.com,slack,https://slack.com,slack/privacy,Privacy
slack.com,slack,https://slack.com,slack/privacy-policy,Privacy
slack.com,slack,https://slack.com,slack/legal/privacy,Privacy
slack.com,slack,https://slack.com,slack/dpa,DPA
slack.com,slack,https://slack.com,slack/legal/dpa,DPA
slack.com,slack,https://slack.com,slack/data-processing-addendum,DPA
slack.com,slack,https://slack.com,slack/subprocessors,Subprocessors
slack.com,slack,https://slack.com,slack/sub-processors,Subprocessors
slack.com,slack,https://slack.com,slack/legal/subprocessors,Subprocessors
slack.com,slack,https://slack.com,slack/.well-known/security.txt,Security
slack.com,slack,https://slack.com,slack/status,Status
slack.com,slack,https://status.slack.com,slack/,Status
snowflake.com,snowflake,https://snowflake.com,snowflake/pricing,Pricing
snowflake.com,snowflake,https://snowflake.com,snowflake/plans,Pricing
snowflake.com,snowflake,https://snowflake.com,snowflake/terms,ToS
snowflake.com,snowflake,https://snowflake.com,snowflake/tos,ToS
snowflake.com,snowflake,https://snowflake.com,snowflake/legal/terms,ToS
snowflake.com,snowflake,https://snowflake.com,snowflake/privacy,Privacy
snowflake.com,snowflake,https://snowflake.com,snowflake/privacy-policy,Privacy
snowflake.com,snowflake,https://snowflake.com,snowflake/legal/privacy,Privacy
snowflake.com,snowflake,https://snowflake.com,snowflake/dpa,DPA
snowflake.com,snowflake,https://snowflake.com,snowflake/legal/dpa,DPA
snowflake.com,snowflake,https://snowflake.com,snowflake/data-processing-addendum,DPA
snowflake.com,snowflake,https://snowflake.com,snowflake/subprocessors,Subprocessors
snowflake.com,snowflake,https://snowflake.com,snowflake/sub-processors,Subprocessors
snowflake.com,snowflake,https://snowflake.com,snowflake/legal/subprocessors,Subprocessors
snowflake.com,snowflake,https://snowflake.com,snowflake/.well-known/security.txt,Security
snowflake.com,snowflake,https://snowflake.com,snowflake/status,Status
snowflake.com,snowflake,https://status.snowflake.com,snowflake/,Status
github.com,github,https://github.com,github/pricing,Pricing
github.com,github,https://github.com,github/plans,Pricing
github.com,github,https://github.com,github/terms,ToS
github.com,github,https://github.com,github/tos,ToS
github.com,github,https://github.com,github/legal/terms,ToS
github.com,github,https://github.com,github/privacy,Privacy
github.com,github,https://github.com,github/privacy-policy,Privacy
github.com,github,https://github.com,github/legal/privacy,Privacy
github.com,github,https://github.com,github/dpa,DPA
github.com,github,https://github.com,github/legal/dpa,DPA
github.com,github,https://github.com,github/data-processing-addendum,DPA
github.com,github,https://github.com,github/subprocessors,Subprocessors
github.com,github,https://github.com,github/sub-processors,Subprocessors
github.com,github,https://github.com,github/legal/subprocessors,Subprocessors
github.com,github,https://github.com,github/.well-known/security.txt,Security
github.com,github,https://github.com,github/status,Status
github.com,github,https://status.github.com,github/,Status
_seed.com,https://_seed.com/pricing,Pricing
_seed.com,https://_seed.com/plans,Pricing
_seed.com,https://_seed.com/terms,ToS
_seed.com,https://_seed.com/tos,ToS
_seed.com,https://_seed.com/legal/terms,ToS
_seed.com,https://_seed.com/privacy,Privacy
_seed.com,https://_seed.com/privacy-policy,Privacy
_seed.com,https://_seed.com/legal/privacy,Privacy
_seed.com,https://_seed.com/dpa,DPA
_seed.com,https://_seed.com/legal/dpa,DPA
_seed.com,https://_seed.com/data-processing-addendum,DPA
_seed.com,https://_seed.com/subprocessors,Subprocessors
_seed.com,https://_seed.com/sub-processors,Subprocessors
_seed.com,https://_seed.com/legal/subprocessors,Subprocessors
_seed.com,https://_seed.com/.well-known/security.txt,Security
_seed.com,https://_seed.com/status,Status
_seed.com,https://status._seed.com/,Status
acme.com,https://acme.com/pricing,Pricing
acme.com,https://acme.com/plans,Pricing
acme.com,https://acme.com/terms,ToS
acme.com,https://acme.com/tos,ToS
acme.com,https://acme.com/legal/terms,ToS
acme.com,https://acme.com/privacy,Privacy
acme.com,https://acme.com/privacy-policy,Privacy
acme.com,https://acme.com/legal/privacy,Privacy
acme.com,https://acme.com/dpa,DPA
acme.com,https://acme.com/legal/dpa,DPA
acme.com,https://acme.com/data-processing-addendum,DPA
acme.com,https://acme.com/subprocessors,Subprocessors
acme.com,https://acme.com/sub-processors,Subprocessors
acme.com,https://acme.com/legal/subprocessors,Subprocessors
acme.com,https://acme.com/.well-known/security.txt,Security
acme.com,https://acme.com/status,Status
acme.com,https://status.acme.com/,Status
