id,captured_at,tier,fingerprint,title,impact,vendor,change,url,date,severity
gitlab-com-dpa-updated-20261005,2026-10-05,business,2736463a957c78e73252f22269ad8df59d0a111f42099f76900630ebaaf760b6,gitlab.com dpa updated,High-impact legal/security change (auto-detected),gitlab.com,gitlab.com dpa updated,https://gitlab.com/dpa,2026-10-05,high
sentry-io-dpa-updated-20261005,2026-10-05,business,4e1e597d176944db79e8fbf89a2acf8c916db8f2b9cccb4dbc6b03d6fac064fb,sentry.io dpa updated,High-impact legal/security change (auto-detected),sentry.io,sentry.io dpa updated,https://sentry.io/dpa,2026-10-05,high
github-com-dpa-updated-20261005,2026-10-05,business,cbef8c37c40a9b8bbca51e5b17b91dc6a135d02fce83282ac8123f7ccaa181dc,github.com dpa updated,High-impact legal/security change (auto-detected),github.com,github.com dpa updated,https://github.com/dpa,2026-10-05,high
gitlab-com-dpa-updated-20261004,2026-10-04,business,dd718f345735444b43193cb01eb03174a4f7686af8f528ccb5cdc913933acd8b,gitlab.com dpa updated,High-impact legal/security change (auto-detected),gitlab.com,gitlab.com dpa updated,https://gitlab.com/dpa,2026-10-04,high
sentry-io-dpa-updated-20261004,2026-10-04,business,8c1bb2fe87bf8d6de52d5444121bda21fb182dbe9cc18d61af3682789d365c1c,sentry.io dpa updated,High-impact legal/security change (auto-detected),sentry.io,sentry.io dpa updated,https://sentry.io/dpa,2026-10-04,high
github-com-dpa-updated-20261004,2026-10-04,business,8793aab75bdc5fdf591f2b7e943095a440ca7e69e0c2cc666b0ce366aa164ad1,github.com dpa updated,High-impact legal/security change (auto-detected),github.com,github.com dpa updated,https://github.com/dpa,2026-10-04,high
gitlab-com-dpa-updated-20261003,2026-10-03,business,d680594573e67ccf839a169b61ee1010645557a92dd600c7e9e8a6b05975e9f6,gitlab.com dpa updated,High-impact legal/security change (auto-detected),gitlab.com,gitlab.com dpa updated,https://gitlab.com/dpa,2026-10-03,high
sentry-io-dpa-updated-20261003,2026-10-03,business,0f5ff4f1aeb902e10923b3bec45604f6e489e0b813f359a3debb049f39ce74a1,sentry.io dpa updated,High-impact legal/security change (auto-detected),sentry.io,sentry.io dpa updated,https://sentry.io/dpa,2026-10-03,high
github-com-dpa-updated-20261003,2026-10-03,business,ae172cf927573b9426d152e38fbd522c83a0200d708de3fbbb62084e8723dfc8,github.com dpa updated,High-impact legal/security change (auto-detected),github.com,github.com dpa updated,https://github.com/dpa,2026-10-03,high
gitlab-com-dpa-updated-20261002,2026-10-02,business,b393396c09d890cf9f59258274108ea7d746d1b759658f7689c9937dc6eeafc0,gitlab.com dpa updated,High-impact legal/security change (auto-detected),gitlab.com,gitlab.com dpa updated,https://gitlab.com/dpa,2026-10-02,high
sentry-io-dpa-updated-20261002,2026-10-02,business,27be40e45f5f8b186c17f5f460ad4e35565b460c4cae660e848f4521ecd13fb4,sentry.io dpa updated,High-impact legal/security change (auto-detected),sentry.io,sentry.io dpa updated,https://sentry.io/dpa,2026-10-02,high
github-com-dpa-updated-20261002,2026-10-02,business,cb788e5e5cb4f78da7bece278195e7c628e4e861050511aeeaea1b00bea4e154,github.com dpa updated,High-impact legal/security change (auto-detected),github.com,github.com dpa updated,https://github.com/dpa,2026-10-02,high
gitlab-com-dpa-updated-20261001,2026-10-01,business,cc6be1421bf5abf31a1a26023b32f3ae0e4663c7109c7619aa1d46319f4c2bee,gitlab.com dpa updated,High-impact legal/security change (auto-detected),gitlab.com,gitlab.com dpa updated,https://gitlab.com/dpa,2026-10-01,high
sentry-io-dpa-updated-20261001,2026-10-01,business,90952094b2ab1d18fe2cd3d4553aa14b5139aa9c634852f0b9b0b44e2ef4a059,sentry.io dpa updated,High-impact legal/security change (auto-detected),sentry.io,sentry.io dpa updated,https://sentry.io/dpa,2026-10-01,high
github-com-dpa-updated-20261001,2026-10-01,business,6295182eeded446a1acf89500dd0d62c468d979a766781c2c54109a1966f9dd4,github.com dpa updated,High-impact legal/security change (auto-detected),github.com,github.com dpa updated,https://github.com/dpa,2026-10-01,high
gitlab-com-dpa-updated-20260930,2026-09-30,business,93e9eff1696f67be916a5e06690382b06b56fe18ebc4368c2d35c4619ef7d9dc,gitlab.com dpa updated,High-impact legal/security change (auto-detected),gitlab.com,gitlab.com dpa updated,https://gitlab.com/dpa,2026-09-30,high
sentry-io-dpa-updated-20260930,2026-09-30,business,76aacfa01ab028dd1901ed5bfec056460e2f6b4408387bf85c3ff590241a150c,sentry.io dpa updated,High-impact legal/security change (auto-detected),sentry.io,sentry.io dpa updated,https://sentry.io/dpa,2026-09-30,high
github-com-dpa-updated-20260930,2026-09-30,business,6519ad8a45dc1bba714be8fcfa8f0328a3b3a26ec2587a4c1e8c9e232b9147e1,github.com dpa updated,High-impact legal/security change (auto-detected),github.com,github.com dpa updated,https://github.com/dpa,2026-09-30,high
gitlab-com-dpa-updated-20260929,2026-09-29,business,4d9e49acf1ed55b0b8ffa44db66bb9b902084a45be9bc696fcee95bd50d63eed,gitlab.com dpa updated,High-impact legal/security change (auto-detected),gitlab.com,gitlab.com dpa updated,https://gitlab.com/dpa,2026-09-29,high
sentry-io-dpa-updated-20260929,2026-09-29,business,0b7eb26a5afaaa59cfbf7168168c48c43ec52a17761320ab6e537b13f9303201,sentry.io dpa updated,High-impact legal/security change (auto-detected),sentry.io,sentry.io dpa updated,https://sentry.io/dpa,2026-09-29,high
github-com-dpa-updated-20260929,2026-09-29,business,20920a3990b8af9b3576a913b89e88ec5a27dec9fc29ddc15476be254c096a62,github.com dpa updated,High-impact legal/security change (auto-detected),github.com,github.com dpa updated,https://github.com/dpa,2026-09-29,high
gitlab-com-dpa-updated-20260928,2026-09-28,business,e114f78885524d3449e4d7326959e86f72f097545312f9a8333e1491aed05769,gitlab.com dpa updated,High-impact legal/security change (auto-detected),gitlab.com,gitlab.com dpa updated,https://gitlab.com/dpa,2026-09-28,high
sentry-io-dpa-updated-20260928,2026-09-28,business,77f4a4ac41f26b96f25c605bbe105db0b6bb80b4b1439980fa9ed91ba632f69c,sentry.io dpa updated,High-impact legal/security change (auto-detected),sentry.io,sentry.io dpa updated,https://sentry.io/dpa,2026-09-28,high
github-com-dpa-updated-20260928,2026-09-28,business,c42749df158816aae3124cf1274d4806a8299ae7ab67429d3ec4b61fa2fa93fa,github.com dpa updated,High-impact legal/security change (auto-detected),github.com,github.com dpa updated,https://github.com/dpa,2026-09-28,high
gitlab-com-dpa-updated-20260927,2026-09-27,business,a5fca36d9200c5d36c2973f46085016f814fe6e52530b1ed848ebf2b90123695,gitlab.com dpa updated,High-impact legal/security change (auto-detected),gitlab.com,gitlab.com dpa updated,https://gitlab.com/dpa,2026-09-27,high
sentry-io-dpa-updated-20260927,2026-09-27,business,b38fe1a3400cf87f4c836e7e7c84eb7b39ebe7c0b993aee2043fe6d675966102,sentry.io dpa updated,High-impact legal/security change (auto-detected),sentry.io,sentry.io dpa updated,https://sentry.io/dpa,2026-09-27,high
github-com-dpa-updated-20260927,2026-09-27,business,97ebe529b9749df9595f197602a43fb27a259e5a42f36104d71f8a8222cf6de4,github.com dpa updated,High-impact legal/security change (auto-detected),github.com,github.com dpa updated,https://github.com/dpa,2026-09-27,high
gitlab-com-dpa-updated-20260926,2026-09-26,business,dbe576dbc2b2576710036bc46176a6c36f2a782fe333994c801dac39d06d8dde,gitlab.com dpa updated,High-impact legal/security change (auto-detected),gitlab.com,gitlab.com dpa updated,https://gitlab.com/dpa,2026-09-26,high
sentry-io-dpa-updated-20260926,2026-09-26,business,830de577a11cf08bf16e14bc427bc4b55316c7d1d0fe1a80238f6e22ce16285e,sentry.io dpa updated,High-impact legal/security change (auto-detected),sentry.io,sentry.io dpa updated,https://sentry.io/dpa,2026-09-26,high
github-com-dpa-updated-20260926,2026-09-26,business,a28b00076e1fe29387ef7e45ecd7f29b7b5fd8b140c5a63f5561dfe4ac4f8661,github.com dpa updated,High-impact legal/security change (auto-detected),github.com,github.com dpa updated,https://github.com/dpa,2026-09-26,high
zoom-us-terms-updated-20261005,2026-10-05,business,cfbcd481f4cc72ce5bc79cc9377b3f58d6e5c4acad757f36ebb3d318f31dccfb,zoom.us terms updated,High-impact legal/security change (auto-detected),zoom.us,zoom.us terms updated,https://zoom.us/terms,2026-10-05,medium
zoom-us-terms-updated-20261004,2026-10-04,business,9821aaed11497dbd83103c0b209e68dd5ea346c9eccb88cb48aa38deef6e2868,zoom.us terms updated,High-impact legal/security change (auto-detected),zoom.us,zoom.us terms updated,https://zoom.us/terms,2026-10-04,medium
zoom-us-terms-updated-20261003,2026-10-03,business,80907f77b91cc70bd15b46fe544586decfafe1fd6dcbcba22416da2a42fe8c94,zoom.us terms updated,High-impact legal/security change (auto-detected),zoom.us,zoom.us terms updated,https://zoom.us/terms,2026-10-03,medium
zoom-us-terms-updated-20261002,2026-10-02,business,1d0e2ed1baf03971aa5647d6d8f7d4e206546c3c08155f0b401ba845e25313a6,zoom.us terms updated,High-impact legal/security change (auto-detected),zoom.us,zoom.us terms updated,https://zoom.us/terms,2026-10-02,medium
zoom-us-terms-updated-20261001,2026-10-01,business,c39bc2617f3d8e84429e843fe3c2c1e9bd8c40a1b251c68d2cd46852b3bb67f5,zoom.us terms updated,High-impact legal/security change (auto-detected),zoom.us,zoom.us terms updated,https://zoom.us/terms,2026-10-01,medium
stripe-com-pricing-plan-page-changed-20261005,2026-10-05,pro,d91ea85f6f459fefd941713c11cd8e3bda85903ce264eefdd4102c6f4472de80,stripe.com pricing/plan page changed,Potential pricing/packaging change (auto-detected),stripe.com,stripe.com pricing/plan page changed,https://stripe.com/pricing,2026-10-05,medium
stripe-com-terms-updated-20261005,2026-10-05,business,91eb9cbf44566c91bce395737cb7f546fc52499ed6ee95683f4f1da4198af92c,stripe.com terms updated,High-impact legal/security change (auto-detected),stripe.com,stripe.com terms updated,https://stripe.com/terms,2026-10-05,medium
zoom-us-terms-updated-20260930,2026-09-30,business,8068d99fb644f452bb8e34b4832ff668b15f55e8768c884444f6f40598eb022a,zoom.us terms updated,High-impact legal/security change (auto-detected),zoom.us,zoom.us terms updated,https://zoom.us/terms,2026-09-30,medium
stripe-com-pricing-plan-page-changed-20261004,2026-10-04,pro,62c421f90835bec35a424220f554b3c3a76b6a019113cad431637930ffa757b9,stripe.com pricing/plan page changed,Potential pricing/packaging change (auto-detected),stripe.com,stripe.com pricing/plan page changed,https://stripe.com/pricing,2026-10-04,medium
stripe-com-terms-updated-20261004,2026-10-04,business,971e68b446576fc14a6299fcefd105bc0ec94cb19ab2640f96cb4660a70eac2e,stripe.com terms updated,High-impact legal/security change (auto-detected),stripe.com,stripe.com terms updated,https://stripe.com/terms,2026-10-04,medium
zoom-us-terms-updated-20260929,2026-09-29,business,2b39cf81763deadf9cb6142ad5a0b0cf6cfa7bf324f2e7396eb3509122cf4faf,zoom.us terms updated,High-impact legal/security change (auto-detected),zoom.us,zoom.us terms updated,https://zoom.us/terms,2026-09-29,medium
stripe-com-pricing-plan-page-changed-20261003,2026-10-03,pro,62089712bb66c9aabf17f5593c7195731489d936bca9800821992dbbb798765b,stripe.com pricing/plan page changed,Potential pricing/packaging change (auto-detected),stripe.com,stripe.com pricing/plan page changed,https://stripe.com/pricing,2026-10-03,medium
stripe-com-terms-updated-20261003,2026-10-03,business,d6f572033de52759fdbad625f24c0720af9a1c5e9a0b8276fcfb2096494157b8,stripe.com terms updated,High-impact legal/security change (auto-detected),stripe.com,stripe.com terms updated,https://stripe.com/terms,2026-10-03,medium
zoom-us-terms-updated-20260928,2026-09-28,business,fae31eeb17d2a4b29c0076b972038364f69b49abbf14e1fc6760c7618fcb1068,zoom.us terms updated,High-impact legal/security change (auto-detected),zoom.us,zoom.us terms updated,https://zoom.us/terms,2026-09-28,medium
stripe-com-pricing-plan-page-changed-20261002,2026-10-02,pro,487720db9a67fc4d08aa7da7bfc66cdb00458fd8b5a10ab95d153307644d0d39,stripe.com pricing/plan page changed,Potential pricing/packaging change (auto-detected),stripe.com,stripe.com pricing/plan page changed,https://stripe.com/pricing,2026-10-02,medium
stripe-com-terms-updated-20261002,2026-10-02,business,9534b8d07ffcaa0e213ba57ff7e0ffec23baaa27aed12c4d6327d7366e038076,stripe.com terms updated,High-impact legal/security change (auto-detected),stripe.com,stripe.com terms updated,https://stripe.com/terms,2026-10-02,medium
zoom-us-terms-updated-20260927,2026-09-27,business,6ce8c46e307aa98ee2c771b2ecff870e21c4cba183479ef1d162ebe79a381296,zoom.us terms updated,High-impact legal/security change (auto-detected),zoom.us,zoom.us terms updated,https://zoom.us/terms,2026-09-27,medium
dropbox-com-pricing-plan-page-changed-20261005,2026-10-05,pro,1faac6556a63d8eca22ba6995a652fc6593e40c4d1e8a639574b10558f3c5fc1,dropbox.com pricing/plan page changed,Potential pricing/packaging change (auto-detected),dropbox.com,dropbox.com pricing/plan page changed,https://dropbox.com/pricing,2026-10-05,medium
dropbox-com-terms-updated-20261005,2026-10-05,business,d0312a4e9dc89d2c9e894cd6f8e56030f9cf8dd95fca7f4f304946115b09e855,dropbox.com terms updated,High-impact legal/security change (auto-detected),dropbox.com,dropbox.com terms updated,https://dropbox.com/terms,2026-10-05,medium
notion-so-pricing-plan-page-changed-20261005,2026-10-05,pro,20c0e4e95e68f589034fa41c6bb9f98faeea779582544dbaf10c582edd210e98,notion.so pricing/plan page changed,Potential pricing/packaging change (auto-detected),notion.so,notion.so pricing/plan page changed,https://notion.so/pricing,2026-10-05,medium
stripe-com-pricing-plan-page-changed-20261001,2026-10-01,pro,e40e64aa0cbdf4028dd3d3f9d4fe3ab0fa47cc82a13fc4c5d521d37f09cd0eaf,stripe.com pricing/plan page changed,Potential pricing/packaging change (auto-detected),stripe.com,stripe.com pricing/plan page changed,https://stripe.com/pricing,2026-10-01,medium
stripe-com-terms-updated-20261001,2026-10-01,business,127246a78704f1f1c3c0dc817fb9edfa9d8fd31798e76034415f5c5b02fbb8e9,stripe.com terms updated,High-impact legal/security change (auto-detected),stripe.com,stripe.com terms updated,https://stripe.com/terms,2026-10-01,medium
monday-com-pricing-plan-page-changed-20261005,2026-10-05,pro,78fc69d9168fcaf3dd1464a2df7d80ecb6caf390879ebdc0410400970bc30e89,monday.com pricing/plan page changed,Potential pricing/packaging change (auto-detected),monday.com,monday.com pricing/plan page changed,https://monday.com/pricing,2026-10-05,medium
zoom-us-terms-updated-20260926,2026-09-26,business,cac06f489ecb8561c92a1ab396337df944319284063b3925198833350811ec02,zoom.us terms updated,High-impact legal/security change (auto-detected),zoom.us,zoom.us terms updated,https://zoom.us/terms,2026-09-26,medium
dropbox-com-pricing-plan-page-changed-20261004,2026-10-04,pro,1a73b94d2839848c7a233ff644a1bedf2ade3a254ebf8ce5321f00b7dab66c53,dropbox.com pricing/plan page changed,Potential pricing/packaging change (auto-detected),dropbox.com,dropbox.com pricing/plan page changed,https://dropbox.com/pricing,2026-10-04,medium
dropbox-com-terms-updated-20261004,2026-10-04,business,f17d59fe4fc821362debd16f7c10ba181ff56f0831cfa5006d2fdd9ec9a284e4,dropbox.com terms updated,High-impact legal/security change (auto-detected),dropbox.com,dropbox.com terms updated,https://dropbox.com/terms,2026-10-04,medium
notion-so-pricing-plan-page-changed-20261004,2026-10-04,pro,4cb63224a1fd902b74269c9b123cad49037c97b7119901d8a8c7c1add98f564e,notion.so pricing/plan page changed,Potential pricing/packaging change (auto-detected),notion.so,notion.so pricing/plan page changed,https://notion.so/pricing,2026-10-04,medium
monday-com-pricing-plan-page-changed-20261004,2026-10-04,pro,d18d788a79ff06f7e7a53d5e92efba2461481514016c6a608c28d8063013b153,monday.com pricing/plan page changed,Potential pricing/packaging change (auto-detected),monday.com,monday.com pricing/plan page changed,https://monday.com/pricing,2026-10-04,medium
dropbox-com-pricing-plan-page-changed-20261003,2026-10-03,pro,d45936a0a6d227956360216fa9580d8b9e63ba2245cb0024cdf1cb5e503bc904,dropbox.com pricing/plan page changed,Potential pricing/packaging change (auto-detected),dropbox.com,dropbox.com pricing/plan page changed,https://dropbox.com/pricing,2026-10-03,medium
dropbox-com-terms-updated-20261003,2026-10-03,business,06db5652f6a823d45ab773081265d28d562065e869b9ee000826e3c6b24ed33d,dropbox.com terms updated,High-impact legal/security change (auto-detected),dropbox.com,dropbox.com terms updated,https://dropbox.com/terms,2026-10-03,medium
notion-so-pricing-plan-page-changed-20261003,2026-10-03,pro,d8d9afeb590fc361647f47d5dbdaab23a46dd3cb4d3cddb83d935fb9216484c9,notion.so pricing/plan page changed,Potential pricing/packaging change (auto-detected),notion.so,notion.so pricing/plan page changed,https://notion.so/pricing,2026-10-03,medium
monday-com-pricing-plan-page-changed-20261003,2026-10-03,pro,6b5dfef634ca19e23ac2228a35ce8fe3ce35d48c1a1f89bd0bf03a5161c19421,monday.com pricing/plan page changed,Potential pricing/packaging change (auto-detected),monday.com,monday.com pricing/plan page changed,https://monday.com/pricing,2026-10-03,medium
dropbox-com-pricing-plan-page-changed-20261002,2026-10-02,pro,2529de83fc01ec945d7137ec7a285b130b2be257522582617c41e8d192930cfe,dropbox.com pricing/plan page changed,Potential pricing/packaging change (auto-detected),dropbox.com,dropbox.com pricing/plan page changed,https://dropbox.com/pricing,2026-10-02,medium
dropbox-com-terms-updated-20261002,2026-10-02,business,75105ba16a14705470ecaf35e15ca90da96843b21ad906105e4351e83ffebf67,dropbox.com terms updated,High-impact legal/security change (auto-detected),dropbox.com,dropbox.com terms updated,https://dropbox.com/terms,2026-10-02,medium
notion-so-pricing-plan-page-changed-20261002,2026-10-02,pro,b1971f738f779c9988e2cb82dbab4caf5b696ab7ccd577b269966e31baeb9b9d,notion.so pricing/plan page changed,Potential pricing/packaging change (auto-detected),notion.so,notion.so pricing/plan page changed,https://notion.so/pricing,2026-10-02,medium
monday-com-pricing-plan-page-changed-20261002,2026-10-02,pro,2f517583dee6d370fbe3c16e8ecd102558acd64e69a5d932a40ee65fccf6053c,monday.com pricing/plan page changed,Potential pricing/packaging change (auto-detected),monday.com,monday.com pricing/plan page changed,https://monday.com/pricing,2026-10-02,medium
dropbox-com-pricing-plan-page-changed-20261001,2026-10-01,pro,5b06531b7988106ca02a624a497925ef761f7cdbd52cd607699991099c6ff39c,dropbox.com pricing/plan page changed,Potential pricing/packaging change (auto-detected),dropbox.com,dropbox.com pricing/plan page changed,https://dropbox.com/pricing,2026-10-01,medium
dropbox-com-terms-updated-20261001,2026-10-01,business,5649a4a724d013821dc476cf0e1795fd32c95aeb463746a56fc0f3c328296520,dropbox.com terms updated,High-impact legal/security change (auto-detected),dropbox.com,dropbox.com terms updated,https://dropbox.com/terms,2026-10-01,medium
notion-so-pricing-plan-page-changed-20261001,2026-10-01,pro,ed693eb631bfe2d6588db88d1d076b161c3a9404a0e7fcfed22925002a08df13,notion.so pricing/plan page changed,Potential pricing/packaging change (auto-detected),notion.so,notion.so pricing/plan page changed,https://notion.so/pricing,2026-10-01,medium
monday-com-pricing-plan-page-changed-20261001,2026-10-01,pro,0d749eecf87d1dadf2e40f877b575875c3b3399b79e8a8b012eb04b9eef0b9d5,monday.com pricing/plan page changed,Potential pricing/packaging change (auto-detected),monday.com,monday.com pricing/plan page changed,https://monday.com/pricing,2026-10-01,medium
notion-so-pricing-plan-page-changed-20260930,2026-09-30,pro,61c66a04f3b51a7619b8059ae16d7aa332429d7ac9582b4e3516e8b470ea90fc,notion.so pricing/plan page changed,Potential pricing/packaging change (auto-detected),notion.so,notion.so pricing/plan page changed,https://notion.so/pricing,2026-09-30,medium
monday-com-pricing-plan-page-changed-20260930,2026-09-30,pro,a2d79db7d43fa09c95157d6d8e0c476f797361de133726767cd8a223e77f70c9,monday.com pricing/plan page changed,Potential pricing/packaging change (auto-detected),monday.com,monday.com pricing/plan page changed,https://monday.com/pricing,2026-09-30,medium
notion-so-pricing-plan-page-changed-20260929,2026-09-29,pro,770f5b65c20901483ecf37adaa488cfd137da124257b4d1b2fa5ce1d5de82b26,notion.so pricing/plan page changed,Potential pricing/packaging change (auto-detected),notion.so,notion.so pricing/plan page changed,https://notion.so/pricing,2026-09-29,medium
monday-com-pricing-plan-page-changed-20260929,2026-09-29,pro,9483335f0574cdcefb921d3fe4c7a55ae296775229f07c2059377eb3ce38f9f2,monday.com pricing/plan page changed,Potential pricing/packaging change (auto-detected),monday.com,monday.com pricing/plan page changed,https://monday.com/pricing,2026-09-29,medium
notion-so-pricing-plan-page-changed-20260928,2026-09-28,pro,b8197f9f2dae2df16524682a43a4b2795d0719d94c4a1f1f7e9e61b3763df4c5,notion.so pricing/plan page changed,Potential pricing/packaging change (auto-detected),notion.so,notion.so pricing/plan page changed,https://notion.so/pricing,2026-09-28,medium
monday-com-pricing-plan-page-changed-20260928,2026-09-28,pro,cbc3a2562e3455b59c1a13b8e8ac1986b5f88307ccc3b5310aebe5027beefb9f,monday.com pricing/plan page changed,Potential pricing/packaging change (auto-detected),monday.com,monday.com pricing/plan page changed,https://monday.com/pricing,2026-09-28,medium
notion-so-pricing-plan-page-changed-20260927,2026-09-27,pro,9ac3097992de92a7bfae7af57a5f1bc9c70829f35e1c0203ecaeb4aef9276a9c,notion.so pricing/plan page changed,Potential pricing/packaging change (auto-detected),notion.so,notion.so pricing/plan page changed,https://notion.so/pricing,2026-09-27,medium
monday-com-pricing-plan-page-changed-20260927,2026-09-27,pro,d348c1e86706e12c83508c2e01897e744554b30495b13785845727beca21ce16,monday.com pricing/plan page changed,Potential pricing/packaging change (auto-detected),monday.com,monday.com pricing/plan page changed,https://monday.com/pricing,2026-09-27,medium
notion-so-pricing-plan-page-changed-20260926,2026-09-26,pro,17452d90761c1959c63302bba618b7c1746139eddf4ee1f3e9a7a1eae2837dc1,notion.so pricing/plan page changed,Potential pricing/packaging change (auto-detected),notion.so,notion.so pricing/plan page changed,https://notion.so/pricing,2026-09-26,medium
monday-com-pricing-plan-page-changed-20260926,2026-09-26,pro,a56b31ae47b2dd41edf7857cb483af4808aff221681781c2802cebbec5c9ac3c,monday.com pricing/plan page changed,Potential pricing/packaging change (auto-detected),monday.com,monday.com pricing/plan page changed,https://monday.com/pricing,2026-09-26,medium
airtable-com-pricing-plan-page-changed-20261005,2026-10-05,pro,b7b1f7f55fdedccd598f372f943beb6c50a417274e01d147189d8c69b12650d4,airtable.com pricing/plan page changed,Potential pricing/packaging change (auto-detected),airtable.com,airtable.com pricing/plan page changed,https://airtable.com/pricing,2026-10-05,medium
