when,email,company,domain,vendor,lawful_basis,evidence_link,optout_at,status
2025-10-14T00:00:00Z,alexa@acme.com,Acme,acme.com,vendor.com,LI,https://www.cg-alert.com/reports/2025-10/vendor.com/,,
2025-10-15T05:40:49.257Z,manningtopps@gmail.com,Your Co,gmail.com,slack.com,LI,https://www.cg-alert.com/updates/?q=slack.com,,dry
2025-10-15T05:40:49.258Z,procurement@asana.com,Asana,asana.com,okta.com,LI,https://www.cg-alert.com/reports/2025-10/okta.com/,,dry
2025-10-15T05:40:49.258Z,security@auth0.com,auth0,auth0,auth0.com,LI,https://www.cg-alert.com/updates/?q=auth0.com,,dry
2025-10-15T05:53:32.189Z,"compliance@auth0.com","auth0","auth0","auth0.com",LI,"https://www.cg-alert.com/updates/?q=auth0.com",,dry
2025-10-15T05:53:32.189Z,"privacy@auth0.com","auth0","auth0","auth0.com",LI,"https://www.cg-alert.com/updates/?q=auth0.com",,dry
2025-10-15T05:53:32.189Z,"legal@auth0.com","auth0","auth0","auth0.com",LI,"https://www.cg-alert.com/updates/?q=auth0.com",,dry
2025-10-15T05:54:51.453Z,"security@cloudflare.com","cloudflare","cloudflare","cloudflare.com",LI,"https://www.cg-alert.com/reports/2025-10/cloudflare.com/",,sent
2025-10-15T05:54:51.940Z,"compliance@cloudflare.com","cloudflare","cloudflare","cloudflare.com",LI,"https://www.cg-alert.com/reports/2025-10/cloudflare.com/",,sent
2025-10-15T05:54:52.417Z,"privacy@cloudflare.com","cloudflare","cloudflare","cloudflare.com",LI,"https://www.cg-alert.com/reports/2025-10/cloudflare.com/",,sent
2025-10-15T05:54:52.960Z,"legal@cloudflare.com","cloudflare","cloudflare","cloudflare.com",LI,"https://www.cg-alert.com/reports/2025-10/cloudflare.com/",,sent
2025-10-15T05:54:53.527Z,"security@datadoghq.com","datadog","datadoghq","datadoghq.com",LI,"https://www.cg-alert.com/reports/2025-10/datadoghq.com/",,sent
2025-10-15T05:54:54.053Z,"compliance@datadoghq.com","datadog","datadoghq","datadoghq.com",LI,"https://www.cg-alert.com/reports/2025-10/datadoghq.com/",,sent
2025-10-15T05:54:54.594Z,"privacy@datadoghq.com","datadog","datadoghq","datadoghq.com",LI,"https://www.cg-alert.com/reports/2025-10/datadoghq.com/",,sent
2025-10-15T05:54:55.123Z,"legal@datadoghq.com","datadog","datadoghq","datadoghq.com",LI,"https://www.cg-alert.com/reports/2025-10/datadoghq.com/",,sent
2025-10-15T06:19:55.430Z,cto@cloudflare.com,cloudflare,cloudflare,cloudflare.com,LI,https://www.cg-alert.com/reports/2025-10/cloudflare.com/?utm_source=email&utm_medium=triggered&utm_campaign=cp_2025-10,,dry
2025-10-15T06:19:55.430Z,ciso@cloudflare.com,cloudflare,cloudflare,cloudflare.com,LI,https://www.cg-alert.com/reports/2025-10/cloudflare.com/?utm_source=email&utm_medium=triggered&utm_campaign=cp_2025-10,,dry
2025-10-15T06:19:55.431Z,cto@datadoghq.com,datadog,datadoghq,datadoghq.com,LI,https://www.cg-alert.com/reports/2025-10/datadoghq.com/?utm_source=email&utm_medium=triggered&utm_campaign=cp_2025-10,,dry
2025-10-15T06:35:15.632Z,security@github.com,github,github,github.com,LI,https://www.cg-alert.com/updates/?q=github.com?utm_source=email&utm_medium=triggered&utm_campaign=cp_2025-10,,dry
2025-10-15T06:35:15.633Z,compliance@github.com,github,github,github.com,LI,https://www.cg-alert.com/updates/?q=github.com?utm_source=email&utm_medium=triggered&utm_campaign=cp_2025-10,,dry
2025-10-15T06:35:15.633Z,privacy@github.com,github,github,github.com,LI,https://www.cg-alert.com/updates/?q=github.com?utm_source=email&utm_medium=triggered&utm_campaign=cp_2025-10,,dry
2025-10-15T06:42:13.711Z,security@notion.so,notion,notion,notion.so,LI,https://www.cg-alert.com/reports/2025-10/notion.so/?utm_source=email&utm_medium=triggered&utm_campaign=cp_2025-10,,dry
2025-10-15T06:42:13.711Z,compliance@notion.so,notion,notion,notion.so,LI,https://www.cg-alert.com/reports/2025-10/notion.so/?utm_source=email&utm_medium=triggered&utm_campaign=cp_2025-10,,dry
2025-10-15T06:42:13.711Z,privacy@notion.so,notion,notion,notion.so,LI,https://www.cg-alert.com/reports/2025-10/notion.so/?utm_source=email&utm_medium=triggered&utm_campaign=cp_2025-10,,dry
2025-10-15T06:57:09.005Z,security@slack.com,slack,slack,slack.com,LI,https://www.cg-alert.com/updates/?q=slack.com?utm_source=email&utm_medium=triggered&utm_campaign=cp_2025-10,,dry
2025-10-15T07:03:44.532Z,security@snowflake.com,snowflake,snowflake,snowflake.com,LI,https://www.cg-alert.com/reports/2025-10/snowflake.com/?utm_source=email&utm_medium=triggered&utm_campaign=cp_2025-10,,dry
2025-10-15T07:03:44.532Z,compliance@snowflake.com,snowflake,snowflake,snowflake.com,LI,https://www.cg-alert.com/reports/2025-10/snowflake.com/?utm_source=email&utm_medium=triggered&utm_campaign=cp_2025-10,,dry
2025-10-15T07:27:26.810Z,security@stripe.com,stripe,stripe,stripe.com,LI,https://www.cg-alert.com/reports/2025-10/stripe.com/?utm_source=email&utm_medium=triggered&utm_campaign=cp_2025-10,,dry
2025-10-15T07:54:47.506Z,security@twilio.com,twilio,twilio,twilio.com,LI,https://www.cg-alert.com/reports/2025-10/twilio.com/?utm_source=email&utm_medium=triggered&utm_campaign=cp_2025-10,,dry
2025-10-15T10:13:14.487Z,procurement@asana.com,Asana,asana.com,okta.com,LI,https://www.cg-alert.com/reports/2025-10/okta.com/?utm_source=email&utm_medium=triggered&utm_campaign=cp_2025-10,,dry
2025-10-15T10:13:14.487Z,cto@auth0.com,auth0,auth0,auth0.com,LI,https://www.cg-alert.com/updates/?q=auth0.com&utm_source=email&utm_medium=triggered&utm_campaign=cp_2025-10,,dry
2025-10-15T10:13:14.487Z,ciso@auth0.com,auth0,auth0,auth0.com,LI,https://www.cg-alert.com/updates/?q=auth0.com&utm_source=email&utm_medium=triggered&utm_campaign=cp_2025-10,,dry
2025-10-15T10:14:17.406Z,procurement@asana.com,Asana,asana.com,okta.com,LI,https://www.cg-alert.com/reports/2025-10/okta.com/?utm_source=email&utm_medium=triggered&utm_campaign=cp_2025-10,,sent
2025-10-15T10:14:25.586Z,ciso@datadoghq.com,datadog,datadoghq,datadoghq.com,LI,https://www.cg-alert.com/reports/2025-10/datadoghq.com/?utm_source=email&utm_medium=triggered&utm_campaign=cp_2025-10,,sent
2025-10-15T10:14:30.738Z,cto@github.com,github,github,github.com,LI,https://www.cg-alert.com/updates/?q=github.com&utm_source=email&utm_medium=triggered&utm_campaign=cp_2025-10,,sent
2025-10-15T10:14:39.120Z,ciso@github.com,github,github,github.com,LI,https://www.cg-alert.com/updates/?q=github.com&utm_source=email&utm_medium=triggered&utm_campaign=cp_2025-10,,sent
2025-10-15T10:14:46.977Z,legal@notion.so,notion,notion,notion.so,LI,https://www.cg-alert.com/reports/2025-10/notion.so/?utm_source=email&utm_medium=triggered&utm_campaign=cp_2025-10,,sent
2025-10-15T10:14:51.636Z,cto@notion.so,notion,notion,notion.so,LI,https://www.cg-alert.com/reports/2025-10/notion.so/?utm_source=email&utm_medium=triggered&utm_campaign=cp_2025-10,,sent
2025-10-15T10:14:58.397Z,ciso@notion.so,notion,notion,notion.so,LI,https://www.cg-alert.com/reports/2025-10/notion.so/?utm_source=email&utm_medium=triggered&utm_campaign=cp_2025-10,,sent
2025-10-15T10:15:05.417Z,compliance@slack.com,slack,slack,slack.com,LI,https://www.cg-alert.com/updates/?q=slack.com&utm_source=email&utm_medium=triggered&utm_campaign=cp_2025-10,,sent
2025-10-15T16:31:45.294Z,privacy@snowflake.com,snowflake,snowflake,snowflake.com,LI,https://www.cg-alert.com/reports/2025-10/snowflake.com/?utm_source=email&utm_medium=triggered&utm_campaign=cp_2025-10,,sent
2025-10-15T16:31:50.932Z,legal@snowflake.com,snowflake,snowflake,snowflake.com,LI,https://www.cg-alert.com/reports/2025-10/snowflake.com/?utm_source=email&utm_medium=triggered&utm_campaign=cp_2025-10,,sent
2025-10-15T16:31:58.390Z,cto@snowflake.com,snowflake,snowflake,snowflake.com,LI,https://www.cg-alert.com/reports/2025-10/snowflake.com/?utm_source=email&utm_medium=triggered&utm_campaign=cp_2025-10,,sent
2025-10-15T16:32:02.348Z,ciso@snowflake.com,snowflake,snowflake,snowflake.com,LI,https://www.cg-alert.com/reports/2025-10/snowflake.com/?utm_source=email&utm_medium=triggered&utm_campaign=cp_2025-10,,sent
2025-10-15T16:32:08.721Z,compliance@stripe.com,stripe,stripe,stripe.com,LI,https://www.cg-alert.com/reports/2025-10/stripe.com/?utm_source=email&utm_medium=triggered&utm_campaign=cp_2025-10,,sent
2025-10-15T16:32:17.383Z,privacy@stripe.com,stripe,stripe,stripe.com,LI,https://www.cg-alert.com/reports/2025-10/stripe.com/?utm_source=email&utm_medium=triggered&utm_campaign=cp_2025-10,,sent
2025-10-15T16:32:21.301Z,legal@stripe.com,stripe,stripe,stripe.com,LI,https://www.cg-alert.com/reports/2025-10/stripe.com/?utm_source=email&utm_medium=triggered&utm_campaign=cp_2025-10,,sent
2025-10-15T16:32:25.088Z,cto@stripe.com,stripe,stripe,stripe.com,LI,https://www.cg-alert.com/reports/2025-10/stripe.com/?utm_source=email&utm_medium=triggered&utm_campaign=cp_2025-10,,sent
2025-10-15T16:32:33.575Z,ciso@stripe.com,stripe,stripe,stripe.com,LI,https://www.cg-alert.com/reports/2025-10/stripe.com/?utm_source=email&utm_medium=triggered&utm_campaign=cp_2025-10,,sent
2025-10-15T16:32:37.618Z,compliance@twilio.com,twilio,twilio,twilio.com,LI,https://www.cg-alert.com/reports/2025-10/twilio.com/?utm_source=email&utm_medium=triggered&utm_campaign=cp_2025-10,,sent
2025-10-15T16:32:44.806Z,privacy@twilio.com,twilio,twilio,twilio.com,LI,https://www.cg-alert.com/reports/2025-10/twilio.com/?utm_source=email&utm_medium=triggered&utm_campaign=cp_2025-10,,sent
2025-10-15T16:32:49.389Z,legal@twilio.com,twilio,twilio,twilio.com,LI,https://www.cg-alert.com/reports/2025-10/twilio.com/?utm_source=email&utm_medium=triggered&utm_campaign=cp_2025-10,,sent
2025-10-15T16:32:57.451Z,cto@twilio.com,twilio,twilio,twilio.com,LI,https://www.cg-alert.com/reports/2025-10/twilio.com/?utm_source=email&utm_medium=triggered&utm_campaign=cp_2025-10,,sent
2025-10-15T16:33:03.197Z,ciso@twilio.com,twilio,twilio,twilio.com,LI,https://www.cg-alert.com/reports/2025-10/twilio.com/?utm_source=email&utm_medium=triggered&utm_campaign=cp_2025-10,,sent
2025-10-17T08:06:23.866Z,info@auth0.com,auth0,auth0,auth0.com,LI,https://www.cg-alert.com/updates/?q=auth0.com&utm_source=email&utm_medium=triggered&utm_campaign=cp_2025-10,,dry
2025-10-17T08:06:23.867Z,info@cloudflare.com,cloudflare,cloudflare,cloudflare.com,LI,https://www.cg-alert.com/reports/2025-10/cloudflare.com/?utm_source=email&utm_medium=triggered&utm_campaign=cp_2025-10,,dry
2025-10-27T18:21:52.928Z,security@globex.com,p1
2025-10-27T18:21:52.928Z,compliance@globex.com,p1
2025-10-27T18:21:52.928Z,privacy@globex.com,p1
2025-10-27T18:21:52.928Z,legal@globex.com,p1
2025-10-27T18:21:52.928Z,cto@globex.com,p1
2025-10-27T18:21:52.928Z,ciso@globex.com,p1
2025-10-27T18:21:52.928Z,info@globex.com,p1
2025-10-27T18:21:52.928Z,security@atlassian.com,p1
2025-10-27T18:21:52.928Z,compliance@atlassian.com,p1
2025-10-27T18:21:52.928Z,privacy@atlassian.com,p1
2025-10-27T18:21:52.928Z,legal@atlassian.com,p1
2025-10-27T18:21:52.928Z,cto@atlassian.com,p1
2025-10-27T18:21:52.928Z,ciso@atlassian.com,p1
2025-10-27T18:21:52.928Z,info@atlassian.com,p1
2025-10-27T18:21:52.928Z,security@_seed.com,p1
2025-10-27T18:21:52.928Z,compliance@_seed.com,p1
2025-10-27T18:21:52.928Z,privacy@_seed.com,p1
2025-10-27T18:21:52.928Z,legal@_seed.com,p1
2025-10-27T18:21:52.928Z,cto@_seed.com,p1
2025-10-27T18:21:52.928Z,ciso@_seed.com,p1
2025-10-27T18:21:52.928Z,info@_seed.com,p1
2025-10-27T18:21:52.928Z,security@acme.com,p1
2025-10-27T18:21:52.928Z,compliance@acme.com,p1
2025-10-27T18:21:52.928Z,privacy@acme.com,p1
2025-10-27T18:21:52.928Z,legal@acme.com,p1
2025-10-27T18:21:52.928Z,cto@acme.com,p1
2025-10-27T18:21:52.928Z,ciso@acme.com,p1
2025-10-27T18:21:52.928Z,info@acme.com,p1
2025-10-27T18:21:52.928Z,cto@auth0.com,p1
2025-10-27T18:21:52.928Z,ciso@auth0.com,p1
2025-10-27T18:21:52.928Z,info@auth0.com,p1
2025-10-27T18:21:52.928Z,cto@cloudflare.com,p1
2025-10-27T18:21:52.928Z,ciso@cloudflare.com,p1
2025-10-27T18:21:52.928Z,info@cloudflare.com,p1
2025-10-27T18:21:52.928Z,cto@datadoghq.com,p1
2025-10-27T18:21:52.928Z,ciso@datadoghq.com,p1
2025-10-27T18:21:52.928Z,info@datadoghq.com,p1
2025-10-27T18:21:52.928Z,legal@github.com,p1
2025-10-27T18:21:52.928Z,ciso@github.com,p1
2025-10-27T18:21:52.928Z,info@github.com,p1
2025-10-27T18:21:52.928Z,cto@notion.so,p1
2025-10-27T18:21:52.928Z,ciso@notion.so,p1
2025-10-27T18:21:52.928Z,info@notion.so,p1
2025-10-27T18:21:52.928Z,cto@slack.com,p1
2025-10-27T18:21:52.928Z,ciso@slack.com,p1
2025-10-27T18:21:52.928Z,info@slack.com,p1
2025-10-27T18:21:52.928Z,cto@snowflake.com,p1
2025-10-27T18:21:52.928Z,ciso@snowflake.com,p1
2025-10-27T18:21:52.928Z,info@snowflake.com,p1
2025-10-27T18:21:52.928Z,cto@stripe.com,p1
2025-10-27T18:21:52.928Z,ciso@stripe.com,p1
2025-10-27T18:21:52.928Z,info@stripe.com,p1
2025-10-27T18:21:52.928Z,cto@twilio.com,p1
2025-10-27T18:21:52.928Z,ciso@twilio.com,p1
2025-10-27T18:21:52.928Z,info@twilio.com,p1
2025-10-27T18:21:52.928Z,security@adyen.com,p1
2025-10-27T18:21:52.928Z,compliance@adyen.com,p1
2025-10-27T18:21:52.928Z,privacy@adyen.com,p1
2025-10-27T18:21:52.928Z,legal@adyen.com,p1
2025-10-27T18:21:52.928Z,cto@adyen.com,p1
2025-10-27T18:21:52.928Z,ciso@adyen.com,p1
2025-10-27T18:21:52.928Z,info@adyen.com,p1
2025-10-27T18:21:52.928Z,security@algolia.com,p1
2025-10-27T18:21:52.928Z,compliance@algolia.com,p1
2025-10-27T18:21:52.928Z,privacy@algolia.com,p1
2025-10-27T18:21:52.928Z,legal@algolia.com,p1
2025-10-27T18:21:52.928Z,cto@algolia.com,p1
2025-10-27T18:21:52.928Z,ciso@algolia.com,p1
2025-10-27T18:21:52.928Z,info@algolia.com,p1
2025-10-27T18:21:52.928Z,security@asana.com,p1
2025-10-27T18:21:52.928Z,compliance@asana.com,p1
2025-10-27T18:21:52.928Z,privacy@asana.com,p1
2025-10-27T18:21:52.928Z,legal@asana.com,p1
2025-10-27T18:21:52.928Z,cto@asana.com,p1
2025-10-27T18:21:52.928Z,ciso@asana.com,p1
2025-10-27T18:21:52.928Z,info@asana.com,p1
2025-10-27T18:21:52.928Z,security@aws.amazon.com,p1
2025-10-27T18:21:52.928Z,compliance@aws.amazon.com,p1
2025-10-27T18:21:52.928Z,privacy@aws.amazon.com,p1
2025-10-27T18:21:52.928Z,legal@aws.amazon.com,p1
2025-10-27T18:21:52.928Z,cto@aws.amazon.com,p1
2025-10-27T18:21:52.928Z,ciso@aws.amazon.com,p1
2025-10-27T18:21:52.928Z,info@aws.amazon.com,p1
2025-10-27T18:21:52.928Z,security@bitbucket.org,p1
2025-10-27T18:21:52.928Z,compliance@bitbucket.org,p1
2025-10-27T18:21:52.928Z,privacy@bitbucket.org,p1
2025-10-27T18:21:52.928Z,legal@bitbucket.org,p1
2025-10-27T18:21:52.928Z,cto@bitbucket.org,p1
2025-10-27T18:21:52.928Z,ciso@bitbucket.org,p1
2025-10-27T18:21:52.928Z,info@bitbucket.org,p1
2025-10-27T18:21:52.928Z,security@box.com,p1
2025-10-27T18:21:52.928Z,compliance@box.com,p1
2025-10-27T18:21:52.928Z,privacy@box.com,p1
2025-10-27T18:21:52.928Z,legal@box.com,p1
2025-10-27T18:21:52.928Z,cto@box.com,p1
2025-10-27T18:21:52.928Z,ciso@box.com,p1
2025-10-27T18:21:52.928Z,info@box.com,p1
2025-10-27T18:21:52.928Z,security@braintreepayments.com,p1
2025-10-27T18:21:52.928Z,compliance@braintreepayments.com,p1
2025-10-27T18:21:52.928Z,privacy@braintreepayments.com,p1
2025-10-27T18:21:52.928Z,legal@braintreepayments.com,p1
2025-10-27T18:21:52.928Z,cto@braintreepayments.com,p1
2025-10-27T18:21:52.928Z,ciso@braintreepayments.com,p1
2025-10-27T18:21:52.928Z,info@braintreepayments.com,p1
2025-10-27T18:21:52.928Z,security@canva.com,p1
2025-10-27T18:21:52.928Z,compliance@canva.com,p1
2025-10-27T18:21:52.928Z,privacy@canva.com,p1
2025-10-27T18:21:52.928Z,legal@canva.com,p1
2025-10-27T18:21:52.928Z,cto@canva.com,p1
2025-10-27T18:21:52.928Z,ciso@canva.com,p1
2025-10-27T18:21:52.928Z,info@canva.com,p1
2025-10-27T18:21:52.928Z,security@chargebee.com,p1
2025-10-27T18:21:52.928Z,compliance@chargebee.com,p1
2025-10-27T18:21:52.928Z,privacy@chargebee.com,p1
2025-10-27T18:21:52.928Z,legal@chargebee.com,p1
2025-10-27T18:21:52.928Z,cto@chargebee.com,p1
2025-10-27T18:21:52.928Z,ciso@chargebee.com,p1
2025-10-27T18:21:52.928Z,info@chargebee.com,p1
2025-10-27T18:21:52.928Z,security@checkout.com,p1
2025-10-27T18:21:52.928Z,compliance@checkout.com,p1
2025-10-27T18:21:52.928Z,privacy@checkout.com,p1
2025-10-27T18:21:52.928Z,legal@checkout.com,p1
2025-10-27T18:21:52.928Z,cto@checkout.com,p1
2025-10-27T18:21:52.928Z,ciso@checkout.com,p1
2025-10-27T18:21:52.928Z,info@checkout.com,p1
2025-10-27T18:21:52.928Z,security@confluent.io,p1
2025-10-27T18:21:52.928Z,compliance@confluent.io,p1
2025-10-27T18:21:52.928Z,privacy@confluent.io,p1
2025-10-27T18:21:52.928Z,legal@confluent.io,p1
2025-10-27T18:21:52.928Z,cto@confluent.io,p1
2025-10-27T18:21:52.928Z,ciso@confluent.io,p1
2025-10-27T18:21:52.928Z,info@confluent.io,p1
2025-10-27T18:21:52.928Z,security@contentful.com,p1
2025-10-27T18:21:52.928Z,compliance@contentful.com,p1
2025-10-27T18:21:52.928Z,privacy@contentful.com,p1
2025-10-27T18:21:52.928Z,legal@contentful.com,p1
2025-10-27T18:21:52.928Z,cto@contentful.com,p1
2025-10-27T18:21:52.928Z,ciso@contentful.com,p1
2025-10-27T18:21:52.928Z,info@contentful.com,p1
2025-10-27T18:21:52.928Z,security@domain.com,p1
2025-10-27T18:21:52.928Z,compliance@domain.com,p1
2025-10-27T18:21:52.928Z,privacy@domain.com,p1
2025-10-27T18:21:52.928Z,legal@domain.com,p1
2025-10-27T18:21:52.928Z,cto@domain.com,p1
2025-10-27T18:21:52.928Z,ciso@domain.com,p1
2025-10-27T18:21:52.928Z,info@domain.com,p1
2025-10-27T18:21:52.928Z,security@dropbox.com,p1
2025-10-27T18:21:52.928Z,compliance@dropbox.com,p1
2025-10-27T18:21:52.928Z,privacy@dropbox.com,p1
2025-10-27T18:21:52.928Z,legal@dropbox.com,p1
2025-10-27T18:21:52.928Z,cto@dropbox.com,p1
2025-10-27T18:21:52.928Z,ciso@dropbox.com,p1
2025-10-27T18:21:52.928Z,info@dropbox.com,p1
2025-10-27T18:21:52.928Z,security@duo.com,p1
2025-10-27T18:21:52.928Z,compliance@duo.com,p1
2025-10-27T18:21:52.928Z,privacy@duo.com,p1
2025-10-27T18:21:52.928Z,legal@duo.com,p1
2025-10-27T18:21:52.928Z,cto@duo.com,p1
2025-10-27T18:21:52.928Z,ciso@duo.com,p1
2025-10-27T18:21:52.928Z,info@duo.com,p1
2025-10-27T18:21:52.928Z,security@elastic.co,p1
2025-10-27T18:21:52.928Z,compliance@elastic.co,p1
2025-10-27T18:21:52.928Z,privacy@elastic.co,p1
2025-10-27T18:21:52.928Z,legal@elastic.co,p1
2025-10-27T18:21:52.928Z,cto@elastic.co,p1
2025-10-27T18:21:52.928Z,ciso@elastic.co,p1
2025-10-27T18:21:52.928Z,info@elastic.co,p1
2025-10-27T18:21:52.928Z,security@fastly.com,p1
2025-10-27T18:21:52.928Z,compliance@fastly.com,p1
2025-10-27T18:21:52.928Z,privacy@fastly.com,p1
2025-10-27T18:21:52.928Z,legal@fastly.com,p1
2025-10-27T18:21:52.928Z,cto@fastly.com,p1
2025-10-27T18:21:52.928Z,ciso@fastly.com,p1
2025-10-27T18:21:52.928Z,info@fastly.com,p1
2025-10-27T18:21:52.928Z,security@figma.com,p1
2025-10-27T18:21:52.928Z,compliance@figma.com,p1
2025-10-27T18:21:52.928Z,privacy@figma.com,p1
2025-10-27T18:21:52.928Z,legal@figma.com,p1
2025-10-27T18:21:52.928Z,cto@figma.com,p1
2025-10-27T18:21:52.928Z,ciso@figma.com,p1
2025-10-27T18:21:52.928Z,info@figma.com,p1
2025-10-27T18:21:52.928Z,security@freshworks.com,p1
2025-10-27T18:21:52.928Z,compliance@freshworks.com,p1
2025-10-27T18:21:52.928Z,privacy@freshworks.com,p1
2025-10-27T18:21:52.928Z,legal@freshworks.com,p1
2025-10-27T18:21:52.928Z,cto@freshworks.com,p1
2025-10-27T18:21:52.928Z,ciso@freshworks.com,p1
2025-10-27T18:21:52.928Z,info@freshworks.com,p1
2025-10-27T18:21:52.928Z,security@gitlab.com,p1
2025-10-27T18:21:52.928Z,compliance@gitlab.com,p1
2025-10-27T18:21:52.928Z,privacy@gitlab.com,p1
2025-10-27T18:21:52.928Z,legal@gitlab.com,p1
2025-10-27T18:21:52.928Z,cto@gitlab.com,p1
2025-10-27T18:21:52.928Z,ciso@gitlab.com,p1
2025-10-27T18:21:52.928Z,info@gitlab.com,p1
2025-10-27T18:21:52.928Z,security@google.com,p1
2025-10-27T18:21:52.928Z,compliance@google.com,p1
2025-10-27T18:21:52.928Z,privacy@google.com,p1
2025-10-27T18:21:52.928Z,legal@google.com,p1
2025-10-27T18:21:52.928Z,cto@google.com,p1
2025-10-27T18:21:52.928Z,ciso@google.com,p1
2025-10-27T18:21:52.928Z,info@google.com,p1
2025-10-27T18:21:52.928Z,security@help.com,p1
2025-10-27T18:21:52.928Z,compliance@help.com,p1
2025-10-27T18:21:52.928Z,privacy@help.com,p1
2025-10-27T18:21:52.928Z,legal@help.com,p1
2025-10-27T18:21:52.928Z,cto@help.com,p1
2025-10-27T18:21:52.928Z,ciso@help.com,p1
2025-10-27T18:21:52.928Z,info@help.com,p1
2025-10-27T18:21:52.928Z,security@helpscout.com,p1
2025-10-27T18:21:52.928Z,compliance@helpscout.com,p1
2025-10-27T18:21:52.928Z,privacy@helpscout.com,p1
2025-10-27T18:21:52.928Z,legal@helpscout.com,p1
2025-10-27T18:21:52.928Z,cto@helpscout.com,p1
2025-10-27T18:21:52.928Z,ciso@helpscout.com,p1
2025-10-27T18:21:52.928Z,info@helpscout.com,p1
2025-10-27T18:21:52.928Z,security@heroku.com,p1
2025-10-27T18:21:52.928Z,compliance@heroku.com,p1
2025-10-27T18:21:52.928Z,privacy@heroku.com,p1
2025-10-27T18:21:52.928Z,legal@heroku.com,p1
2025-10-27T18:21:52.928Z,cto@heroku.com,p1
2025-10-27T18:21:52.928Z,ciso@heroku.com,p1
2025-10-27T18:21:52.928Z,info@heroku.com,p1
2025-10-27T18:21:52.928Z,security@hubspot.com,p1
2025-10-27T18:21:52.928Z,compliance@hubspot.com,p1
2025-10-27T18:21:52.928Z,privacy@hubspot.com,p1
2025-10-27T18:21:52.928Z,legal@hubspot.com,p1
2025-10-27T18:21:52.928Z,cto@hubspot.com,p1
2025-10-27T18:21:52.928Z,ciso@hubspot.com,p1
2025-10-27T18:21:52.928Z,info@hubspot.com,p1
2025-10-27T18:21:52.928Z,security@intercom.com,p1
2025-10-27T18:21:52.928Z,compliance@intercom.com,p1
2025-10-27T18:21:52.928Z,privacy@intercom.com,p1
2025-10-27T18:21:52.928Z,legal@intercom.com,p1
2025-10-27T18:21:52.928Z,cto@intercom.com,p1
2025-10-27T18:21:52.928Z,ciso@intercom.com,p1
2025-10-27T18:21:52.928Z,info@intercom.com,p1
2025-10-27T18:21:52.928Z,security@linear.app,p1
2025-10-27T18:21:52.928Z,compliance@linear.app,p1
2025-10-27T18:21:52.928Z,privacy@linear.app,p1
2025-10-27T18:21:52.928Z,legal@linear.app,p1
2025-10-27T18:21:52.928Z,cto@linear.app,p1
2025-10-27T18:21:52.928Z,ciso@linear.app,p1
2025-10-27T18:21:52.928Z,info@linear.app,p1
2025-10-27T18:21:52.928Z,security@mailgun.com,p1
2025-10-27T18:21:52.928Z,compliance@mailgun.com,p1
2025-10-27T18:21:52.928Z,privacy@mailgun.com,p1
2025-10-27T18:21:52.928Z,legal@mailgun.com,p1
2025-10-27T18:21:52.928Z,cto@mailgun.com,p1
2025-10-27T18:21:52.928Z,ciso@mailgun.com,p1
2025-10-27T18:21:52.928Z,info@mailgun.com,p1
2025-10-27T18:21:52.928Z,security@microsoft.com,p1
2025-10-27T18:21:52.928Z,compliance@microsoft.com,p1
2025-10-27T18:21:52.928Z,privacy@microsoft.com,p1
2025-10-27T18:21:52.928Z,legal@microsoft.com,p1
2025-10-27T18:21:52.928Z,cto@microsoft.com,p1
2025-10-27T18:21:52.928Z,ciso@microsoft.com,p1
2025-10-27T18:21:52.928Z,info@microsoft.com,p1
2025-10-27T18:21:52.928Z,security@miro.com,p1
2025-10-27T18:21:52.928Z,compliance@miro.com,p1
2025-10-27T18:21:52.928Z,privacy@miro.com,p1
2025-10-27T18:21:52.928Z,legal@miro.com,p1
2025-10-27T18:21:52.928Z,cto@miro.com,p1
2025-10-27T18:21:52.928Z,ciso@miro.com,p1
2025-10-27T18:21:52.928Z,info@miro.com,p1
2025-10-27T18:21:52.928Z,security@monday.com,p1
2025-10-27T18:21:52.928Z,compliance@monday.com,p1
2025-10-27T18:21:52.928Z,privacy@monday.com,p1
2025-10-27T18:21:52.928Z,legal@monday.com,p1
2025-10-27T18:21:52.928Z,cto@monday.com,p1
2025-10-27T18:21:52.928Z,ciso@monday.com,p1
2025-10-27T18:21:52.928Z,info@monday.com,p1
2025-10-27T18:21:52.928Z,security@mongodb.com,p1
2025-10-27T18:21:52.928Z,compliance@mongodb.com,p1
2025-10-27T18:21:52.928Z,privacy@mongodb.com,p1
2025-10-27T18:21:52.928Z,legal@mongodb.com,p1
2025-10-27T18:21:52.928Z,cto@mongodb.com,p1
2025-10-27T18:21:52.928Z,ciso@mongodb.com,p1
2025-10-27T18:21:52.928Z,info@mongodb.com,p1
2025-10-27T18:21:52.928Z,security@netlify.com,p1
2025-10-27T18:21:52.928Z,compliance@netlify.com,p1
2025-10-27T18:21:52.928Z,privacy@netlify.com,p1
2025-10-27T18:21:52.928Z,legal@netlify.com,p1
2025-10-27T18:21:52.928Z,cto@netlify.com,p1
2025-10-27T18:21:52.928Z,ciso@netlify.com,p1
2025-10-27T18:21:52.928Z,info@netlify.com,p1
2025-10-27T18:21:52.928Z,security@newrelic.com,p1
2025-10-27T18:21:52.928Z,compliance@newrelic.com,p1
2025-10-27T18:21:52.928Z,privacy@newrelic.com,p1
2025-10-27T18:21:52.928Z,legal@newrelic.com,p1
2025-10-27T18:21:52.928Z,cto@newrelic.com,p1
2025-10-27T18:21:52.928Z,ciso@newrelic.com,p1
2025-10-27T18:21:52.928Z,info@newrelic.com,p1
2025-10-27T18:21:52.928Z,security@okta.com,p1
2025-10-27T18:21:52.928Z,compliance@okta.com,p1
2025-10-27T18:21:52.928Z,privacy@okta.com,p1
2025-10-27T18:21:52.928Z,legal@okta.com,p1
2025-10-27T18:21:52.928Z,cto@okta.com,p1
2025-10-27T18:21:52.928Z,ciso@okta.com,p1
2025-10-27T18:21:52.928Z,info@okta.com,p1
2025-10-27T18:21:52.928Z,security@onelogin.com,p1
2025-10-27T18:21:52.928Z,compliance@onelogin.com,p1
2025-10-27T18:21:52.928Z,privacy@onelogin.com,p1
2025-10-27T18:21:52.928Z,legal@onelogin.com,p1
2025-10-27T18:21:52.928Z,cto@onelogin.com,p1
2025-10-27T18:21:52.928Z,ciso@onelogin.com,p1
2025-10-27T18:21:52.928Z,info@onelogin.com,p1
2025-10-27T18:21:52.928Z,security@paddle.com,p1
2025-10-27T18:21:52.928Z,compliance@paddle.com,p1
2025-10-27T18:21:52.928Z,privacy@paddle.com,p1
2025-10-27T18:21:52.928Z,legal@paddle.com,p1
2025-10-27T18:21:52.928Z,cto@paddle.com,p1
2025-10-27T18:21:52.928Z,ciso@paddle.com,p1
2025-10-27T18:21:52.928Z,info@paddle.com,p1
2025-10-27T18:21:52.928Z,security@postmarkapp.com,p1
2025-10-27T18:21:52.928Z,compliance@postmarkapp.com,p1
2025-10-27T18:21:52.928Z,privacy@postmarkapp.com,p1
2025-10-27T18:21:52.928Z,legal@postmarkapp.com,p1
2025-10-27T18:21:52.928Z,cto@postmarkapp.com,p1
2025-10-27T18:21:52.928Z,ciso@postmarkapp.com,p1
2025-10-27T18:21:52.928Z,info@postmarkapp.com,p1
2025-10-27T18:21:52.928Z,security@recurly.com,p1
2025-10-27T18:21:52.928Z,compliance@recurly.com,p1
2025-10-27T18:21:52.928Z,privacy@recurly.com,p1
2025-10-27T18:21:52.928Z,legal@recurly.com,p1
2025-10-27T18:21:52.928Z,cto@recurly.com,p1
2025-10-27T18:21:52.928Z,ciso@recurly.com,p1
2025-10-27T18:21:52.928Z,info@recurly.com,p1
2025-10-27T18:21:52.928Z,security@render.com,p1
2025-10-27T18:21:52.928Z,compliance@render.com,p1
2025-10-27T18:21:52.928Z,privacy@render.com,p1
2025-10-27T18:21:52.928Z,legal@render.com,p1
2025-10-27T18:21:52.928Z,cto@render.com,p1
2025-10-27T18:21:52.928Z,ciso@render.com,p1
2025-10-27T18:21:52.928Z,info@render.com,p1
2025-10-27T18:21:52.928Z,security@salesforce.com,p1
2025-10-27T18:21:52.928Z,compliance@salesforce.com,p1
2025-10-27T18:21:52.928Z,privacy@salesforce.com,p1
2025-10-27T18:21:52.928Z,legal@salesforce.com,p1
2025-10-27T18:21:52.928Z,cto@salesforce.com,p1
2025-10-27T18:21:52.928Z,ciso@salesforce.com,p1
2025-10-27T18:21:52.928Z,info@salesforce.com,p1
2025-10-27T18:21:52.928Z,security@sanity.io,p1
2025-10-27T18:21:52.928Z,compliance@sanity.io,p1
2025-10-27T18:21:52.928Z,privacy@sanity.io,p1
2025-10-27T18:21:52.928Z,legal@sanity.io,p1
2025-10-27T18:21:52.928Z,cto@sanity.io,p1
2025-10-27T18:21:52.928Z,ciso@sanity.io,p1
2025-10-27T18:21:52.928Z,info@sanity.io,p1
2025-10-27T18:21:52.928Z,security@segment.com,p1
2025-10-27T18:21:52.928Z,compliance@segment.com,p1
2025-10-27T18:21:52.928Z,privacy@segment.com,p1
2025-10-27T18:21:52.928Z,legal@segment.com,p1
2025-10-27T18:21:52.928Z,cto@segment.com,p1
2025-10-27T18:21:52.928Z,ciso@segment.com,p1
2025-10-27T18:21:52.928Z,info@segment.com,p1
2025-10-27T18:21:52.928Z,security@sendgrid.com,p1
2025-10-27T18:21:52.928Z,compliance@sendgrid.com,p1
2025-10-27T18:21:52.928Z,privacy@sendgrid.com,p1
2025-10-27T18:21:52.928Z,legal@sendgrid.com,p1
2025-10-27T18:21:52.928Z,cto@sendgrid.com,p1
2025-10-27T18:21:52.928Z,ciso@sendgrid.com,p1
2025-10-27T18:21:52.928Z,info@sendgrid.com,p1
2025-10-27T18:21:52.928Z,security@sentry.io,p1
2025-10-27T18:21:52.928Z,compliance@sentry.io,p1
2025-10-27T18:21:52.928Z,privacy@sentry.io,p1
2025-10-27T18:21:52.928Z,legal@sentry.io,p1
2025-10-27T18:21:52.928Z,cto@sentry.io,p1
2025-10-27T18:21:52.928Z,ciso@sentry.io,p1
2025-10-27T18:21:52.928Z,info@sentry.io,p1
2025-10-27T18:21:52.928Z,security@status.acme.com,p1
2025-10-27T18:21:52.928Z,compliance@status.acme.com,p1
2025-10-27T18:21:52.928Z,privacy@status.acme.com,p1
2025-10-27T18:21:52.928Z,legal@status.acme.com,p1
2025-10-27T18:21:52.928Z,cto@status.acme.com,p1
2025-10-27T18:21:52.928Z,ciso@status.acme.com,p1
2025-10-27T18:21:52.928Z,info@status.acme.com,p1
2025-10-27T18:21:52.928Z,security@status.adyen.com,p1
2025-10-27T18:21:52.928Z,compliance@status.adyen.com,p1
2025-10-27T18:21:52.928Z,privacy@status.adyen.com,p1
2025-10-27T18:21:52.928Z,legal@status.adyen.com,p1
2025-10-27T18:21:52.928Z,cto@status.adyen.com,p1
2025-10-27T18:21:52.928Z,ciso@status.adyen.com,p1
2025-10-27T18:21:52.928Z,info@status.adyen.com,p1
2025-10-27T18:21:52.928Z,security@status.algolia.com,p1
2025-10-27T18:21:52.928Z,compliance@status.algolia.com,p1
2025-10-27T18:21:52.928Z,privacy@status.algolia.com,p1
2025-10-27T18:21:52.928Z,legal@status.algolia.com,p1
2025-10-27T18:21:52.928Z,cto@status.algolia.com,p1
2025-10-27T18:21:52.928Z,ciso@status.algolia.com,p1
2025-10-27T18:21:52.928Z,info@status.algolia.com,p1
2025-10-27T18:21:52.928Z,security@status.asana.com,p1
2025-10-27T18:21:52.928Z,compliance@status.asana.com,p1
2025-10-27T18:21:52.928Z,privacy@status.asana.com,p1
2025-10-27T18:21:52.928Z,legal@status.asana.com,p1
2025-10-27T18:21:52.928Z,cto@status.asana.com,p1
2025-10-27T18:21:52.928Z,ciso@status.asana.com,p1
2025-10-27T18:21:52.928Z,info@status.asana.com,p1
2025-10-27T18:21:52.928Z,security@status.atlassian.com,p1
2025-10-27T18:21:52.928Z,compliance@status.atlassian.com,p1
2025-10-27T18:21:52.928Z,privacy@status.atlassian.com,p1
2025-10-27T18:21:52.928Z,legal@status.atlassian.com,p1
2025-10-27T18:21:52.928Z,cto@status.atlassian.com,p1
2025-10-27T18:21:52.928Z,ciso@status.atlassian.com,p1
2025-10-27T18:21:52.928Z,info@status.atlassian.com,p1
2025-10-27T18:21:52.928Z,security@status.auth0.com,p1
2025-10-27T18:21:52.928Z,compliance@status.auth0.com,p1
2025-10-27T18:21:52.928Z,privacy@status.auth0.com,p1
2025-10-27T18:21:52.928Z,legal@status.auth0.com,p1
2025-10-27T18:21:52.928Z,cto@status.auth0.com,p1
2025-10-27T18:21:52.928Z,ciso@status.auth0.com,p1
2025-10-27T18:21:52.928Z,info@status.auth0.com,p1
2025-10-27T18:21:52.928Z,security@status.aws.amazon.com,p1
2025-10-27T18:21:52.928Z,compliance@status.aws.amazon.com,p1
2025-10-27T18:21:52.928Z,privacy@status.aws.amazon.com,p1
2025-10-27T18:21:52.928Z,legal@status.aws.amazon.com,p1
2025-10-27T18:21:52.928Z,cto@status.aws.amazon.com,p1
2025-10-27T18:21:52.928Z,ciso@status.aws.amazon.com,p1
2025-10-27T18:21:52.928Z,info@status.aws.amazon.com,p1
2025-10-27T18:21:52.928Z,security@status.bitbucket.org,p1
2025-10-27T18:21:52.928Z,compliance@status.bitbucket.org,p1
2025-10-27T18:21:52.928Z,privacy@status.bitbucket.org,p1
2025-10-27T18:21:52.928Z,legal@status.bitbucket.org,p1
2025-10-27T18:21:52.928Z,cto@status.bitbucket.org,p1
2025-10-27T18:21:52.928Z,ciso@status.bitbucket.org,p1
2025-10-27T18:21:52.928Z,info@status.bitbucket.org,p1
2025-10-27T18:21:52.928Z,security@status.box.com,p1
2025-10-27T18:21:52.928Z,compliance@status.box.com,p1
2025-10-27T18:21:52.928Z,privacy@status.box.com,p1
2025-10-27T18:21:52.928Z,legal@status.box.com,p1
2025-10-27T18:21:52.928Z,cto@status.box.com,p1
2025-10-27T18:21:52.928Z,ciso@status.box.com,p1
2025-10-27T18:21:52.928Z,info@status.box.com,p1
2025-10-27T18:21:52.928Z,security@status.braintreepayments.com,p1
2025-10-27T18:21:52.928Z,compliance@status.braintreepayments.com,p1
2025-10-27T18:21:52.928Z,privacy@status.braintreepayments.com,p1
2025-10-27T18:21:52.928Z,legal@status.braintreepayments.com,p1
2025-10-27T18:21:52.928Z,cto@status.braintreepayments.com,p1
2025-10-27T18:21:52.928Z,ciso@status.braintreepayments.com,p1
2025-10-27T18:21:52.928Z,info@status.braintreepayments.com,p1
2025-10-27T18:21:52.928Z,security@status.canva.com,p1
2025-10-27T18:21:52.928Z,compliance@status.canva.com,p1
2025-10-27T18:21:52.928Z,privacy@status.canva.com,p1
2025-10-27T18:21:52.928Z,legal@status.canva.com,p1
2025-10-27T18:21:52.928Z,cto@status.canva.com,p1
2025-10-27T18:21:52.928Z,ciso@status.canva.com,p1
2025-10-27T18:21:52.928Z,info@status.canva.com,p1
2025-10-27T18:21:52.928Z,security@status.chargebee.com,p1
2025-10-27T18:21:52.928Z,compliance@status.chargebee.com,p1
2025-10-27T18:21:52.928Z,privacy@status.chargebee.com,p1
2025-10-27T18:21:52.928Z,legal@status.chargebee.com,p1
2025-10-27T18:21:52.928Z,cto@status.chargebee.com,p1
2025-10-27T18:21:52.928Z,ciso@status.chargebee.com,p1
2025-10-27T18:21:52.928Z,info@status.chargebee.com,p1
2025-10-27T18:21:52.928Z,security@status.checkout.com,p1
2025-10-27T18:21:52.928Z,compliance@status.checkout.com,p1
2025-10-27T18:21:52.928Z,privacy@status.checkout.com,p1
2025-10-27T18:21:52.928Z,legal@status.checkout.com,p1
2025-10-27T18:21:52.928Z,cto@status.checkout.com,p1
2025-10-27T18:21:52.928Z,ciso@status.checkout.com,p1
2025-10-27T18:21:52.928Z,info@status.checkout.com,p1
2025-10-27T18:21:52.928Z,security@status.cloudflare.com,p1
2025-10-27T18:21:52.928Z,compliance@status.cloudflare.com,p1
2025-10-27T18:21:52.928Z,privacy@status.cloudflare.com,p1
2025-10-27T18:21:52.928Z,legal@status.cloudflare.com,p1
2025-10-27T18:21:52.928Z,cto@status.cloudflare.com,p1
2025-10-27T18:21:52.928Z,ciso@status.cloudflare.com,p1
2025-10-27T18:21:52.928Z,info@status.cloudflare.com,p1
2025-10-27T18:21:52.928Z,security@status.confluent.io,p1
2025-10-27T18:21:52.928Z,compliance@status.confluent.io,p1
2025-10-27T18:21:52.928Z,privacy@status.confluent.io,p1
2025-10-27T18:21:52.928Z,legal@status.confluent.io,p1
2025-10-27T18:21:52.928Z,cto@status.confluent.io,p1
2025-10-27T18:21:52.928Z,ciso@status.confluent.io,p1
2025-10-27T18:21:52.928Z,info@status.confluent.io,p1
2025-10-27T18:21:52.928Z,security@status.contentful.com,p1
2025-10-27T18:21:52.928Z,compliance@status.contentful.com,p1
2025-10-27T18:21:52.928Z,privacy@status.contentful.com,p1
2025-10-27T18:21:52.928Z,legal@status.contentful.com,p1
2025-10-27T18:21:52.928Z,cto@status.contentful.com,p1
2025-10-27T18:21:52.928Z,ciso@status.contentful.com,p1
2025-10-27T18:21:52.928Z,info@status.contentful.com,p1
2025-10-27T18:21:52.928Z,security@status.datadoghq.com,p1
2025-10-27T18:21:52.928Z,compliance@status.datadoghq.com,p1
2025-10-27T18:21:52.928Z,privacy@status.datadoghq.com,p1
2025-10-27T18:21:52.928Z,legal@status.datadoghq.com,p1
2025-10-27T18:21:52.928Z,cto@status.datadoghq.com,p1
2025-10-27T18:21:52.928Z,ciso@status.datadoghq.com,p1
2025-10-27T18:21:52.928Z,info@status.datadoghq.com,p1
2025-10-27T18:21:52.928Z,security@status.domain,p1
2025-10-27T18:21:52.928Z,compliance@status.domain,p1
2025-10-27T18:21:52.928Z,privacy@status.domain,p1
2025-10-27T18:21:52.928Z,legal@status.domain,p1
2025-10-27T18:21:52.928Z,cto@status.domain,p1
2025-10-27T18:21:52.928Z,ciso@status.domain,p1
2025-10-27T18:21:52.928Z,info@status.domain,p1
2025-10-27T18:21:52.928Z,security@status.dropbox.com,p1
2025-10-27T18:21:52.928Z,compliance@status.dropbox.com,p1
2025-10-27T18:21:52.928Z,privacy@status.dropbox.com,p1
2025-10-27T18:21:52.928Z,legal@status.dropbox.com,p1
2025-10-27T18:21:52.928Z,cto@status.dropbox.com,p1
2025-10-27T18:21:52.928Z,ciso@status.dropbox.com,p1
2025-10-27T18:21:52.928Z,info@status.dropbox.com,p1
2025-10-27T18:21:52.928Z,security@status.duo.com,p1
2025-10-27T18:21:52.928Z,compliance@status.duo.com,p1
2025-10-27T18:21:52.928Z,privacy@status.duo.com,p1
2025-10-27T18:21:52.928Z,legal@status.duo.com,p1
2025-10-27T18:21:52.928Z,cto@status.duo.com,p1
2025-10-27T18:21:52.928Z,ciso@status.duo.com,p1
2025-10-27T18:21:52.928Z,info@status.duo.com,p1
2025-10-27T18:21:52.928Z,security@status.elastic.co,p1
2025-10-27T18:21:52.928Z,compliance@status.elastic.co,p1
2025-10-27T18:21:52.928Z,privacy@status.elastic.co,p1
2025-10-27T18:21:52.928Z,legal@status.elastic.co,p1
2025-10-27T18:21:52.928Z,cto@status.elastic.co,p1
2025-10-27T18:21:52.928Z,ciso@status.elastic.co,p1
2025-10-27T18:21:52.928Z,info@status.elastic.co,p1
2025-10-27T18:21:52.928Z,security@status.fastly.com,p1
2025-10-27T18:21:52.928Z,compliance@status.fastly.com,p1
2025-10-27T18:21:52.928Z,privacy@status.fastly.com,p1
2025-10-27T18:21:52.928Z,legal@status.fastly.com,p1
2025-10-27T18:21:52.928Z,cto@status.fastly.com,p1
2025-10-27T18:21:52.928Z,ciso@status.fastly.com,p1
2025-10-27T18:21:52.928Z,info@status.fastly.com,p1
2025-10-27T18:21:52.928Z,security@status.figma.com,p1
2025-10-27T18:21:52.928Z,compliance@status.figma.com,p1
2025-10-27T18:21:52.928Z,privacy@status.figma.com,p1
2025-10-27T18:21:52.928Z,legal@status.figma.com,p1
2025-10-27T18:21:52.928Z,cto@status.figma.com,p1
2025-10-27T18:21:52.928Z,ciso@status.figma.com,p1
2025-10-27T18:21:52.928Z,info@status.figma.com,p1
2025-10-27T18:21:52.928Z,security@status.freshworks.com,p1
2025-10-27T18:21:52.928Z,compliance@status.freshworks.com,p1
2025-10-27T18:21:52.928Z,privacy@status.freshworks.com,p1
2025-10-27T18:21:52.928Z,legal@status.freshworks.com,p1
2025-10-27T18:21:52.928Z,cto@status.freshworks.com,p1
2025-10-27T18:21:52.928Z,ciso@status.freshworks.com,p1
2025-10-27T18:21:52.928Z,info@status.freshworks.com,p1
2025-10-27T18:21:52.928Z,security@status.github.com,p1
2025-10-27T18:21:52.928Z,compliance@status.github.com,p1
2025-10-27T18:21:52.928Z,privacy@status.github.com,p1
2025-10-27T18:21:52.928Z,legal@status.github.com,p1
2025-10-27T18:21:52.928Z,cto@status.github.com,p1
2025-10-27T18:21:52.928Z,ciso@status.github.com,p1
2025-10-27T18:21:52.928Z,info@status.github.com,p1
2025-10-27T18:21:52.928Z,security@status.gitlab.com,p1
2025-10-27T18:21:52.928Z,compliance@status.gitlab.com,p1
2025-10-27T18:21:52.928Z,privacy@status.gitlab.com,p1
2025-10-27T18:21:52.928Z,legal@status.gitlab.com,p1
2025-10-27T18:21:52.928Z,cto@status.gitlab.com,p1
2025-10-27T18:21:52.928Z,ciso@status.gitlab.com,p1
2025-10-27T18:21:52.928Z,info@status.gitlab.com,p1
2025-10-27T18:21:52.928Z,security@status.globex.com,p1
2025-10-27T18:21:52.928Z,compliance@status.globex.com,p1
2025-10-27T18:21:52.928Z,privacy@status.globex.com,p1
2025-10-27T18:21:52.928Z,legal@status.globex.com,p1
2025-10-27T18:21:52.928Z,cto@status.globex.com,p1
2025-10-27T18:21:52.928Z,ciso@status.globex.com,p1
2025-10-27T18:21:52.928Z,info@status.globex.com,p1
2025-10-27T18:21:52.928Z,security@status.google.com,p1
2025-10-27T18:21:52.928Z,compliance@status.google.com,p1
2025-10-27T18:21:52.928Z,privacy@status.google.com,p1
2025-10-27T18:21:52.928Z,legal@status.google.com,p1
2025-10-27T18:21:52.928Z,cto@status.google.com,p1
2025-10-27T18:21:52.928Z,ciso@status.google.com,p1
2025-10-27T18:21:52.928Z,info@status.google.com,p1
2025-10-27T18:21:52.928Z,security@status.help,p1
2025-10-27T18:21:52.928Z,compliance@status.help,p1
2025-10-27T18:21:52.928Z,privacy@status.help,p1
2025-10-27T18:21:52.928Z,legal@status.help,p1
2025-10-27T18:21:52.928Z,cto@status.help,p1
2025-10-27T18:21:52.928Z,ciso@status.help,p1
2025-10-27T18:21:52.928Z,info@status.help,p1
2025-10-27T18:21:52.928Z,security@status.helpscout.com,p1
2025-10-27T18:21:52.928Z,compliance@status.helpscout.com,p1
2025-10-27T18:21:52.928Z,privacy@status.helpscout.com,p1
2025-10-27T18:21:52.928Z,legal@status.helpscout.com,p1
2025-10-27T18:21:52.928Z,cto@status.helpscout.com,p1
2025-10-27T18:21:52.928Z,ciso@status.helpscout.com,p1
2025-10-27T18:21:52.928Z,info@status.helpscout.com,p1
2025-10-27T18:21:52.928Z,security@status.heroku.com,p1
2025-10-27T18:21:52.928Z,compliance@status.heroku.com,p1
2025-10-27T18:21:52.928Z,privacy@status.heroku.com,p1
2025-10-27T18:21:52.928Z,legal@status.heroku.com,p1
2025-10-27T18:21:52.928Z,cto@status.heroku.com,p1
2025-10-27T18:21:52.928Z,ciso@status.heroku.com,p1
2025-10-27T18:21:52.928Z,info@status.heroku.com,p1
2025-10-27T18:21:52.928Z,security@status.hubspot.com,p1
2025-10-27T18:21:52.928Z,compliance@status.hubspot.com,p1
2025-10-27T18:21:52.928Z,privacy@status.hubspot.com,p1
2025-10-27T18:21:52.928Z,legal@status.hubspot.com,p1
2025-10-27T18:21:52.928Z,cto@status.hubspot.com,p1
2025-10-27T18:21:52.928Z,ciso@status.hubspot.com,p1
2025-10-27T18:21:52.928Z,info@status.hubspot.com,p1
2025-10-27T18:21:52.928Z,security@status.intercom.com,p1
2025-10-27T18:21:52.928Z,compliance@status.intercom.com,p1
2025-10-27T18:21:52.928Z,privacy@status.intercom.com,p1
2025-10-27T18:21:52.928Z,legal@status.intercom.com,p1
2025-10-27T18:21:52.928Z,cto@status.intercom.com,p1
2025-10-27T18:21:52.928Z,ciso@status.intercom.com,p1
2025-10-27T18:21:52.928Z,info@status.intercom.com,p1
2025-10-27T18:21:52.928Z,security@status.linear.app,p1
2025-10-27T18:21:52.928Z,compliance@status.linear.app,p1
2025-10-27T18:21:52.928Z,privacy@status.linear.app,p1
2025-10-27T18:21:52.928Z,legal@status.linear.app,p1
2025-10-27T18:21:52.928Z,cto@status.linear.app,p1
2025-10-27T18:21:52.928Z,ciso@status.linear.app,p1
2025-10-27T18:21:52.928Z,info@status.linear.app,p1
2025-10-27T18:21:52.928Z,security@status.mailgun.com,p1
2025-10-27T18:21:52.928Z,compliance@status.mailgun.com,p1
2025-10-27T18:21:52.928Z,privacy@status.mailgun.com,p1
2025-10-27T18:21:52.928Z,legal@status.mailgun.com,p1
2025-10-27T18:21:52.928Z,cto@status.mailgun.com,p1
2025-10-27T18:21:52.928Z,ciso@status.mailgun.com,p1
2025-10-27T18:21:52.928Z,info@status.mailgun.com,p1
2025-10-27T18:21:52.928Z,security@status.microsoft.com,p1
2025-10-27T18:21:52.928Z,compliance@status.microsoft.com,p1
2025-10-27T18:21:52.928Z,privacy@status.microsoft.com,p1
2025-10-27T18:21:52.928Z,legal@status.microsoft.com,p1
2025-10-27T18:21:52.928Z,cto@status.microsoft.com,p1
2025-10-27T18:21:52.928Z,ciso@status.microsoft.com,p1
2025-10-27T18:21:52.928Z,info@status.microsoft.com,p1
2025-10-27T18:21:52.928Z,security@status.miro.com,p1
2025-10-27T18:21:52.928Z,compliance@status.miro.com,p1
2025-10-27T18:21:52.928Z,privacy@status.miro.com,p1
2025-10-27T18:21:52.928Z,legal@status.miro.com,p1
2025-10-27T18:21:52.928Z,cto@status.miro.com,p1
2025-10-27T18:21:52.928Z,ciso@status.miro.com,p1
2025-10-27T18:21:52.928Z,info@status.miro.com,p1
2025-10-27T18:21:52.928Z,security@status.monday.com,p1
2025-10-27T18:21:52.928Z,compliance@status.monday.com,p1
2025-10-27T18:21:52.928Z,privacy@status.monday.com,p1
2025-10-27T18:21:52.928Z,legal@status.monday.com,p1
2025-10-27T18:21:52.928Z,cto@status.monday.com,p1
2025-10-27T18:21:52.928Z,ciso@status.monday.com,p1
2025-10-27T18:21:52.928Z,info@status.monday.com,p1
2025-10-27T18:21:52.928Z,security@status.mongodb.com,p1
2025-10-27T18:21:52.928Z,compliance@status.mongodb.com,p1
2025-10-27T18:21:52.928Z,privacy@status.mongodb.com,p1
2025-10-27T18:21:52.928Z,legal@status.mongodb.com,p1
2025-10-27T18:21:52.928Z,cto@status.mongodb.com,p1
2025-10-27T18:21:52.928Z,ciso@status.mongodb.com,p1
2025-10-27T18:21:52.928Z,info@status.mongodb.com,p1
2025-10-27T18:21:52.928Z,security@status.netlify.com,p1
2025-10-27T18:21:52.928Z,compliance@status.netlify.com,p1
2025-10-27T18:21:52.928Z,privacy@status.netlify.com,p1
2025-10-27T18:21:52.928Z,legal@status.netlify.com,p1
2025-10-27T18:21:52.928Z,cto@status.netlify.com,p1
2025-10-27T18:21:52.928Z,ciso@status.netlify.com,p1
2025-10-27T18:21:52.928Z,info@status.netlify.com,p1
2025-10-27T18:21:52.928Z,security@status.newrelic.com,p1
2025-10-27T18:21:52.928Z,compliance@status.newrelic.com,p1
2025-10-27T18:21:52.928Z,privacy@status.newrelic.com,p1
2025-10-27T18:21:52.928Z,legal@status.newrelic.com,p1
2025-10-27T18:21:52.928Z,cto@status.newrelic.com,p1
2025-10-27T18:21:52.928Z,ciso@status.newrelic.com,p1
2025-10-27T18:21:52.928Z,info@status.newrelic.com,p1
2025-10-27T18:21:52.928Z,security@status.notion.so,p1
2025-10-27T18:21:52.928Z,compliance@status.notion.so,p1
2025-10-27T18:21:52.928Z,privacy@status.notion.so,p1
2025-10-27T18:21:52.928Z,legal@status.notion.so,p1
2025-10-27T18:21:52.928Z,cto@status.notion.so,p1
2025-10-27T18:21:52.928Z,ciso@status.notion.so,p1
2025-10-27T18:21:52.928Z,info@status.notion.so,p1
2025-10-27T18:21:52.928Z,security@status.okta.com,p1
2025-10-27T18:21:52.928Z,compliance@status.okta.com,p1
2025-10-27T18:21:52.928Z,privacy@status.okta.com,p1
2025-10-27T18:21:52.928Z,legal@status.okta.com,p1
2025-10-27T18:21:52.928Z,cto@status.okta.com,p1
2025-10-27T18:21:52.928Z,ciso@status.okta.com,p1
2025-10-27T18:21:52.928Z,info@status.okta.com,p1
2025-10-27T18:21:52.928Z,security@status.onelogin.com,p1
2025-10-27T18:21:52.928Z,compliance@status.onelogin.com,p1
2025-10-27T18:21:52.928Z,privacy@status.onelogin.com,p1
2025-10-27T18:21:52.928Z,legal@status.onelogin.com,p1
2025-10-27T18:21:52.928Z,cto@status.onelogin.com,p1
2025-10-27T18:21:52.928Z,ciso@status.onelogin.com,p1
2025-10-27T18:21:52.928Z,info@status.onelogin.com,p1
2025-10-27T18:21:52.928Z,security@status.paddle.com,p1
2025-10-27T18:21:52.928Z,compliance@status.paddle.com,p1
2025-10-27T18:21:52.928Z,privacy@status.paddle.com,p1
2025-10-27T18:21:52.928Z,legal@status.paddle.com,p1
2025-10-27T18:21:52.928Z,cto@status.paddle.com,p1
2025-10-27T18:21:52.928Z,ciso@status.paddle.com,p1
2025-10-27T18:21:52.928Z,info@status.paddle.com,p1
2025-10-27T18:21:52.928Z,security@status.postmarkapp.com,p1
2025-10-27T18:21:52.928Z,compliance@status.postmarkapp.com,p1
2025-10-27T18:21:52.928Z,privacy@status.postmarkapp.com,p1
2025-10-27T18:21:52.928Z,legal@status.postmarkapp.com,p1
2025-10-27T18:21:52.928Z,cto@status.postmarkapp.com,p1
2025-10-27T18:21:52.928Z,ciso@status.postmarkapp.com,p1
2025-10-27T18:21:52.928Z,info@status.postmarkapp.com,p1
2025-10-27T18:21:52.928Z,security@status.recurly.com,p1
2025-10-27T18:21:52.928Z,compliance@status.recurly.com,p1
2025-10-27T18:21:52.928Z,privacy@status.recurly.com,p1
2025-10-27T18:21:52.928Z,legal@status.recurly.com,p1
2025-10-27T18:21:52.928Z,cto@status.recurly.com,p1
2025-10-27T18:21:52.928Z,ciso@status.recurly.com,p1
2025-10-27T18:21:52.928Z,info@status.recurly.com,p1
2025-10-27T18:21:52.928Z,security@status.render.com,p1
2025-10-27T18:21:52.928Z,compliance@status.render.com,p1
2025-10-27T18:21:52.928Z,privacy@status.render.com,p1
2025-10-27T18:21:52.928Z,legal@status.render.com,p1
2025-10-27T18:21:52.928Z,cto@status.render.com,p1
2025-10-27T18:21:52.928Z,ciso@status.render.com,p1
2025-10-27T18:21:52.928Z,info@status.render.com,p1
2025-10-27T18:21:52.928Z,security@status.salesforce.com,p1
2025-10-27T18:21:52.928Z,compliance@status.salesforce.com,p1
2025-10-27T18:21:52.928Z,privacy@status.salesforce.com,p1
2025-10-27T18:21:52.928Z,legal@status.salesforce.com,p1
2025-10-27T18:21:52.928Z,cto@status.salesforce.com,p1
2025-10-27T18:21:52.928Z,ciso@status.salesforce.com,p1
2025-10-27T18:21:52.928Z,info@status.salesforce.com,p1
2025-10-27T18:21:52.928Z,security@status.sanity.io,p1
2025-10-27T18:21:52.928Z,compliance@status.sanity.io,p1
2025-10-27T18:21:52.928Z,privacy@status.sanity.io,p1
2025-10-27T18:21:52.928Z,legal@status.sanity.io,p1
2025-10-27T18:21:52.928Z,cto@status.sanity.io,p1
2025-10-27T18:21:52.928Z,ciso@status.sanity.io,p1
2025-10-27T18:21:52.928Z,info@status.sanity.io,p1
2025-10-27T18:21:52.928Z,security@status.segment.com,p1
2025-10-27T18:21:52.928Z,compliance@status.segment.com,p1
2025-10-27T18:21:52.928Z,privacy@status.segment.com,p1
2025-10-27T18:21:52.928Z,legal@status.segment.com,p1
2025-10-27T18:21:52.928Z,cto@status.segment.com,p1
2025-10-27T18:21:52.928Z,ciso@status.segment.com,p1
2025-10-27T18:21:52.928Z,info@status.segment.com,p1
2025-10-27T18:21:52.928Z,security@status.sendgrid.com,p1
2025-10-27T18:21:52.928Z,compliance@status.sendgrid.com,p1
2025-10-27T18:21:52.928Z,privacy@status.sendgrid.com,p1
2025-10-27T18:21:52.928Z,legal@status.sendgrid.com,p1
2025-10-27T18:21:52.928Z,cto@status.sendgrid.com,p1
2025-10-27T18:21:52.928Z,ciso@status.sendgrid.com,p1
2025-10-27T18:21:52.928Z,info@status.sendgrid.com,p1
2025-10-27T18:21:52.928Z,security@status.sentry.io,p1
2025-10-27T18:21:52.928Z,compliance@status.sentry.io,p1
2025-10-27T18:21:52.928Z,privacy@status.sentry.io,p1
2025-10-27T18:21:52.928Z,legal@status.sentry.io,p1
2025-10-27T18:21:52.928Z,cto@status.sentry.io,p1
2025-10-27T18:21:52.928Z,ciso@status.sentry.io,p1
2025-10-27T18:21:52.928Z,info@status.sentry.io,p1
2025-10-27T18:21:52.928Z,security@status.slack.com,p1
2025-10-27T18:21:52.928Z,compliance@status.slack.com,p1
2025-10-27T18:21:52.928Z,privacy@status.slack.com,p1
2025-10-27T18:21:52.928Z,legal@status.slack.com,p1
2025-10-27T18:21:52.928Z,cto@status.slack.com,p1
2025-10-27T18:21:52.928Z,ciso@status.slack.com,p1
2025-10-27T18:21:52.928Z,info@status.slack.com,p1
2025-10-27T18:21:52.928Z,security@status.snowflake.com,p1
2025-10-27T18:21:52.928Z,compliance@status.snowflake.com,p1
2025-10-27T18:21:52.928Z,privacy@status.snowflake.com,p1
2025-10-27T18:21:52.928Z,legal@status.snowflake.com,p1
2025-10-27T18:21:52.928Z,cto@status.snowflake.com,p1
2025-10-27T18:21:52.928Z,ciso@status.snowflake.com,p1
2025-10-27T18:21:52.928Z,info@status.snowflake.com,p1
2025-10-27T18:21:52.928Z,security@status.stripe.com,p1
2025-10-27T18:21:52.928Z,compliance@status.stripe.com,p1
2025-10-27T18:21:52.928Z,privacy@status.stripe.com,p1
2025-10-27T18:21:52.928Z,legal@status.stripe.com,p1
2025-10-27T18:21:52.928Z,cto@status.stripe.com,p1
2025-10-27T18:21:52.928Z,ciso@status.stripe.com,p1
2025-10-27T18:21:52.928Z,info@status.stripe.com,p1
2025-10-27T18:21:52.928Z,security@status.supabase.com,p1
2025-10-27T18:21:52.928Z,compliance@status.supabase.com,p1
2025-10-27T18:21:52.928Z,privacy@status.supabase.com,p1
2025-10-27T18:21:52.928Z,legal@status.supabase.com,p1
2025-10-27T18:21:52.928Z,cto@status.supabase.com,p1
2025-10-27T18:21:52.928Z,ciso@status.supabase.com,p1
2025-10-27T18:21:52.928Z,info@status.supabase.com,p1
2025-10-27T18:21:52.928Z,security@status.twilio.com,p1
2025-10-27T18:21:52.928Z,compliance@status.twilio.com,p1
2025-10-27T18:21:52.928Z,privacy@status.twilio.com,p1
2025-10-27T18:21:52.928Z,legal@status.twilio.com,p1
2025-10-27T18:21:52.928Z,cto@status.twilio.com,p1
2025-10-27T18:21:52.928Z,ciso@status.twilio.com,p1
2025-10-27T18:21:52.928Z,info@status.twilio.com,p1
2025-10-27T18:21:52.928Z,security@status.vercel.com,p1
2025-10-27T18:21:52.928Z,compliance@status.vercel.com,p1
2025-10-27T18:21:52.928Z,privacy@status.vercel.com,p1
2025-10-27T18:21:52.928Z,legal@status.vercel.com,p1
2025-10-27T18:21:52.928Z,cto@status.vercel.com,p1
2025-10-27T18:21:52.928Z,ciso@status.vercel.com,p1
2025-10-27T18:21:52.928Z,info@status.vercel.com,p1
2025-10-27T18:21:52.928Z,security@status.zendesk.com,p1
2025-10-27T18:21:52.928Z,compliance@status.zendesk.com,p1
2025-10-27T18:21:52.928Z,privacy@status.zendesk.com,p1
2025-10-27T18:21:52.928Z,legal@status.zendesk.com,p1
2025-10-27T18:21:52.928Z,cto@status.zendesk.com,p1
2025-10-27T18:21:52.928Z,ciso@status.zendesk.com,p1
2025-10-27T18:21:52.928Z,info@status.zendesk.com,p1
2025-10-27T18:21:52.928Z,security@status.zoho.com,p1
2025-10-27T18:21:52.928Z,compliance@status.zoho.com,p1
2025-10-27T18:21:52.928Z,privacy@status.zoho.com,p1
2025-10-27T18:21:52.928Z,legal@status.zoho.com,p1
2025-10-27T18:21:52.928Z,cto@status.zoho.com,p1
2025-10-27T18:21:52.928Z,ciso@status.zoho.com,p1
2025-10-27T18:21:52.928Z,info@status.zoho.com,p1
2025-10-27T18:21:52.928Z,security@status.zoom.us,p1
2025-10-27T18:21:52.928Z,compliance@status.zoom.us,p1
2025-10-27T18:21:52.928Z,privacy@status.zoom.us,p1
2025-10-27T18:21:52.928Z,legal@status.zoom.us,p1
2025-10-27T18:21:52.928Z,cto@status.zoom.us,p1
2025-10-27T18:21:52.928Z,ciso@status.zoom.us,p1
2025-10-27T18:21:52.928Z,info@status.zoom.us,p1
2025-10-27T18:21:52.928Z,security@supabase.com,p1
2025-10-27T18:21:52.928Z,compliance@supabase.com,p1
2025-10-27T18:21:52.928Z,privacy@supabase.com,p1
2025-10-27T18:21:52.928Z,legal@supabase.com,p1
2025-10-27T18:21:52.928Z,cto@supabase.com,p1
2025-10-27T18:21:52.928Z,ciso@supabase.com,p1
2025-10-27T18:21:52.928Z,info@supabase.com,p1
2025-10-27T18:21:52.928Z,security@vercel.com,p1
2025-10-27T18:21:52.928Z,compliance@vercel.com,p1
2025-10-27T18:21:52.928Z,privacy@vercel.com,p1
2025-10-27T18:21:52.928Z,legal@vercel.com,p1
2025-10-27T18:21:52.928Z,cto@vercel.com,p1
2025-10-27T18:21:52.928Z,ciso@vercel.com,p1
2025-10-27T18:21:52.928Z,info@vercel.com,p1
2025-10-27T18:21:52.928Z,security@zendesk.com,p1
2025-10-27T18:21:52.928Z,compliance@zendesk.com,p1
2025-10-27T18:21:52.928Z,privacy@zendesk.com,p1
2025-10-27T18:21:52.928Z,legal@zendesk.com,p1
2025-10-27T18:21:52.928Z,cto@zendesk.com,p1
2025-10-27T18:21:52.928Z,ciso@zendesk.com,p1
2025-10-27T18:21:52.928Z,info@zendesk.com,p1
2025-10-27T18:21:52.928Z,security@zoho.com,p1
2025-10-27T18:21:52.928Z,compliance@zoho.com,p1
2025-10-27T18:21:52.928Z,privacy@zoho.com,p1
2025-10-27T18:21:52.928Z,legal@zoho.com,p1
2025-10-27T18:21:52.928Z,cto@zoho.com,p1
2025-10-27T18:21:52.928Z,ciso@zoho.com,p1
2025-10-27T18:21:52.928Z,info@zoho.com,p1
2025-10-27T18:21:52.928Z,security@zoom.us,p1
2025-10-27T18:21:52.928Z,compliance@zoom.us,p1
2025-10-27T18:21:52.928Z,privacy@zoom.us,p1
2025-10-27T18:21:52.928Z,legal@zoom.us,p1
2025-10-27T18:21:52.928Z,cto@zoom.us,p1
2025-10-27T18:21:52.928Z,ciso@zoom.us,p1
2025-10-27T18:21:52.928Z,info@zoom.us,p1
2025-10-27T18:21:52.928Z,security@dashboard.algolia.com,p1
2025-10-27T18:21:52.928Z,compliance@dashboard.algolia.com,p1
2025-10-27T18:21:52.928Z,privacy@dashboard.algolia.com,p1
2025-10-27T18:21:52.928Z,legal@dashboard.algolia.com,p1
2025-10-27T18:21:52.928Z,cto@dashboard.algolia.com,p1
2025-10-27T18:21:52.928Z,ciso@dashboard.algolia.com,p1
2025-10-27T18:21:52.928Z,info@dashboard.algolia.com,p1
2025-10-27T18:21:52.928Z,security@security.asana.com,p1
2025-10-27T18:21:52.928Z,compliance@security.asana.com,p1
2025-10-27T18:21:52.928Z,privacy@security.asana.com,p1
2025-10-27T18:21:52.928Z,legal@security.asana.com,p1
2025-10-27T18:21:52.928Z,cto@security.asana.com,p1
2025-10-27T18:21:52.928Z,ciso@security.asana.com,p1
2025-10-27T18:21:52.928Z,info@security.asana.com,p1
2025-10-27T18:21:52.928Z,security@paypal.com,p1
2025-10-27T18:21:52.928Z,compliance@paypal.com,p1
2025-10-27T18:21:52.928Z,privacy@paypal.com,p1
2025-10-27T18:21:52.928Z,legal@paypal.com,p1
2025-10-27T18:21:52.928Z,cto@paypal.com,p1
2025-10-27T18:21:52.928Z,ciso@paypal.com,p1
2025-10-27T18:21:52.928Z,info@paypal.com,p1
2025-10-27T18:21:52.928Z,security@about.gitlab.com,p1
2025-10-27T18:21:52.928Z,compliance@about.gitlab.com,p1
2025-10-27T18:21:52.928Z,privacy@about.gitlab.com,p1
2025-10-27T18:21:52.928Z,legal@about.gitlab.com,p1
2025-10-27T18:21:52.928Z,cto@about.gitlab.com,p1
2025-10-27T18:21:52.928Z,ciso@about.gitlab.com,p1
2025-10-27T18:21:52.928Z,info@about.gitlab.com,p1
2025-10-27T18:21:52.928Z,security@sinch.com,p1
2025-10-27T18:21:52.928Z,compliance@sinch.com,p1
2025-10-27T18:21:52.928Z,privacy@sinch.com,p1
2025-10-27T18:21:52.928Z,legal@sinch.com,p1
2025-10-27T18:21:52.928Z,cto@sinch.com,p1
2025-10-27T18:21:52.928Z,ciso@sinch.com,p1
2025-10-27T18:21:52.928Z,info@sinch.com,p1
2025-10-27T18:21:52.928Z,security@notion.com,p1
2025-10-27T18:21:52.928Z,compliance@notion.com,p1
2025-10-27T18:21:52.928Z,privacy@notion.com,p1
2025-10-27T18:21:52.928Z,legal@notion.com,p1
2025-10-27T18:21:52.928Z,cto@notion.com,p1
2025-10-27T18:21:52.928Z,ciso@notion.com,p1
2025-10-27T18:21:52.928Z,info@notion.com,p1
2025-10-27T18:21:52.928Z,security@go.recurly.com,p1
2025-10-27T18:21:52.928Z,compliance@go.recurly.com,p1
2025-10-27T18:21:52.928Z,privacy@go.recurly.com,p1
2025-10-27T18:21:52.928Z,legal@go.recurly.com,p1
2025-10-27T18:21:52.928Z,cto@go.recurly.com,p1
2025-10-27T18:21:52.928Z,ciso@go.recurly.com,p1
2025-10-27T18:21:52.928Z,info@go.recurly.com,p1
2025-10-27T18:21:52.928Z,security@health.aws.amazon.com,p1
2025-10-27T18:21:52.928Z,compliance@health.aws.amazon.com,p1
2025-10-27T18:21:52.928Z,privacy@health.aws.amazon.com,p1
2025-10-27T18:21:52.928Z,legal@health.aws.amazon.com,p1
2025-10-27T18:21:52.928Z,cto@health.aws.amazon.com,p1
2025-10-27T18:21:52.928Z,ciso@health.aws.amazon.com,p1
2025-10-27T18:21:52.928Z,info@health.aws.amazon.com,p1
2025-10-27T18:21:52.928Z,security@bitbucket.status.atlassian.com,p1
2025-10-27T18:21:52.928Z,compliance@bitbucket.status.atlassian.com,p1
2025-10-27T18:21:52.928Z,privacy@bitbucket.status.atlassian.com,p1
2025-10-27T18:21:52.928Z,legal@bitbucket.status.atlassian.com,p1
2025-10-27T18:21:52.928Z,cto@bitbucket.status.atlassian.com,p1
2025-10-27T18:21:52.928Z,ciso@bitbucket.status.atlassian.com,p1
2025-10-27T18:21:52.928Z,info@bitbucket.status.atlassian.com,p1
2025-10-27T18:21:52.928Z,security@paypal-status.com,p1
2025-10-27T18:21:52.928Z,compliance@paypal-status.com,p1
2025-10-27T18:21:52.928Z,privacy@paypal-status.com,p1
2025-10-27T18:21:52.928Z,legal@paypal-status.com,p1
2025-10-27T18:21:52.928Z,cto@paypal-status.com,p1
2025-10-27T18:21:52.928Z,ciso@paypal-status.com,p1
2025-10-27T18:21:52.928Z,info@paypal-status.com,p1
2025-10-27T18:21:52.928Z,security@canvastatus.com,p1
2025-10-27T18:21:52.928Z,compliance@canvastatus.com,p1
2025-10-27T18:21:52.928Z,privacy@canvastatus.com,p1
2025-10-27T18:21:52.928Z,legal@canvastatus.com,p1
2025-10-27T18:21:52.928Z,cto@canvastatus.com,p1
2025-10-27T18:21:52.928Z,ciso@canvastatus.com,p1
2025-10-27T18:21:52.928Z,info@canvastatus.com,p1
2025-10-27T18:21:52.928Z,security@identity.checkout.com,p1
2025-10-27T18:21:52.928Z,compliance@identity.checkout.com,p1
2025-10-27T18:21:52.928Z,privacy@identity.checkout.com,p1
2025-10-27T18:21:52.928Z,legal@identity.checkout.com,p1
2025-10-27T18:21:52.928Z,cto@identity.checkout.com,p1
2025-10-27T18:21:52.928Z,ciso@identity.checkout.com,p1
2025-10-27T18:21:52.928Z,info@identity.checkout.com,p1
2025-10-27T18:21:52.928Z,security@contentfulstatus.com,p1
2025-10-27T18:21:52.928Z,compliance@contentfulstatus.com,p1
2025-10-27T18:21:52.928Z,privacy@contentfulstatus.com,p1
2025-10-27T18:21:52.928Z,legal@contentfulstatus.com,p1
2025-10-27T18:21:52.928Z,cto@contentfulstatus.com,p1
2025-10-27T18:21:52.928Z,ciso@contentfulstatus.com,p1
2025-10-27T18:21:52.928Z,info@contentfulstatus.com,p1
2025-10-27T18:21:52.928Z,security@fastlystatus.com,p1
2025-10-27T18:21:52.928Z,compliance@fastlystatus.com,p1
2025-10-27T18:21:52.928Z,privacy@fastlystatus.com,p1
2025-10-27T18:21:52.928Z,legal@fastlystatus.com,p1
2025-10-27T18:21:52.928Z,cto@fastlystatus.com,p1
2025-10-27T18:21:52.928Z,ciso@fastlystatus.com,p1
2025-10-27T18:21:52.928Z,info@fastlystatus.com,p1
2025-10-27T18:21:52.928Z,security@githubstatus.com,p1
2025-10-27T18:21:52.928Z,compliance@githubstatus.com,p1
2025-10-27T18:21:52.928Z,privacy@githubstatus.com,p1
2025-10-27T18:21:52.928Z,legal@githubstatus.com,p1
2025-10-27T18:21:52.928Z,cto@githubstatus.com,p1
2025-10-27T18:21:52.928Z,ciso@githubstatus.com,p1
2025-10-27T18:21:52.928Z,info@githubstatus.com,p1
2025-10-27T18:21:52.928Z,security@intercomstatus.com,p1
2025-10-27T18:21:52.928Z,compliance@intercomstatus.com,p1
2025-10-27T18:21:52.928Z,privacy@intercomstatus.com,p1
2025-10-27T18:21:52.928Z,legal@intercomstatus.com,p1
2025-10-27T18:21:52.928Z,cto@intercomstatus.com,p1
2025-10-27T18:21:52.928Z,ciso@intercomstatus.com,p1
2025-10-27T18:21:52.928Z,info@intercomstatus.com,p1
2025-10-27T18:21:52.928Z,security@linearstatus.com,p1
2025-10-27T18:21:52.928Z,compliance@linearstatus.com,p1
2025-10-27T18:21:52.928Z,privacy@linearstatus.com,p1
2025-10-27T18:21:52.928Z,legal@linearstatus.com,p1
2025-10-27T18:21:52.928Z,cto@linearstatus.com,p1
2025-10-27T18:21:52.928Z,ciso@linearstatus.com,p1
2025-10-27T18:21:52.928Z,info@linearstatus.com,p1
2025-10-27T18:21:52.928Z,security@netlifystatus.com,p1
2025-10-27T18:21:52.928Z,compliance@netlifystatus.com,p1
2025-10-27T18:21:52.928Z,privacy@netlifystatus.com,p1
2025-10-27T18:21:52.928Z,legal@netlifystatus.com,p1
2025-10-27T18:21:52.928Z,cto@netlifystatus.com,p1
2025-10-27T18:21:52.928Z,ciso@netlifystatus.com,p1
2025-10-27T18:21:52.928Z,info@netlifystatus.com,p1
2025-10-27T18:21:52.928Z,security@notion-status.com,p1
2025-10-27T18:21:52.928Z,compliance@notion-status.com,p1
2025-10-27T18:21:52.928Z,privacy@notion-status.com,p1
2025-10-27T18:21:52.928Z,legal@notion-status.com,p1
2025-10-27T18:21:52.928Z,cto@notion-status.com,p1
2025-10-27T18:21:52.928Z,ciso@notion-status.com,p1
2025-10-27T18:21:52.928Z,info@notion-status.com,p1
2025-10-27T18:21:52.928Z,security@paddlestatus.com,p1
2025-10-27T18:21:52.928Z,compliance@paddlestatus.com,p1
2025-10-27T18:21:52.928Z,privacy@paddlestatus.com,p1
2025-10-27T18:21:52.928Z,legal@paddlestatus.com,p1
2025-10-27T18:21:52.928Z,cto@paddlestatus.com,p1
2025-10-27T18:21:52.928Z,ciso@paddlestatus.com,p1
2025-10-27T18:21:52.928Z,info@paddlestatus.com,p1
2025-10-27T18:21:52.928Z,security@sanity-status.com,p1
2025-10-27T18:21:52.928Z,compliance@sanity-status.com,p1
2025-10-27T18:21:52.928Z,privacy@sanity-status.com,p1
2025-10-27T18:21:52.928Z,legal@sanity-status.com,p1
2025-10-27T18:21:52.928Z,cto@sanity-status.com,p1
2025-10-27T18:21:52.928Z,ciso@sanity-status.com,p1
2025-10-27T18:21:52.928Z,info@sanity-status.com,p1
2025-10-27T18:21:52.928Z,security@slack-status.com,p1
2025-10-27T18:21:52.928Z,compliance@slack-status.com,p1
2025-10-27T18:21:52.928Z,privacy@slack-status.com,p1
2025-10-27T18:21:52.928Z,legal@slack-status.com,p1
2025-10-27T18:21:52.928Z,cto@slack-status.com,p1
2025-10-27T18:21:52.928Z,ciso@slack-status.com,p1
2025-10-27T18:21:52.928Z,info@slack-status.com,p1
2025-10-27T18:21:52.928Z,security@vercel-status.com,p1
2025-10-27T18:21:52.928Z,compliance@vercel-status.com,p1
2025-10-27T18:21:52.928Z,privacy@vercel-status.com,p1
2025-10-27T18:21:52.928Z,legal@vercel-status.com,p1
2025-10-27T18:21:52.928Z,cto@vercel-status.com,p1
2025-10-27T18:21:52.928Z,ciso@vercel-status.com,p1
2025-10-27T18:21:52.928Z,info@vercel-status.com,p1
2025-10-27T18:21:52.928Z,security@zoomstatus.com,p1
2025-10-27T18:21:52.928Z,compliance@zoomstatus.com,p1
2025-10-27T18:21:52.928Z,privacy@zoomstatus.com,p1
2025-10-27T18:21:52.928Z,legal@zoomstatus.com,p1
2025-10-27T18:21:52.928Z,cto@zoomstatus.com,p1
2025-10-27T18:21:52.928Z,ciso@zoomstatus.com,p1
2025-10-27T18:21:52.928Z,info@zoomstatus.com,p1
2025-10-27T18:21:52.928Z,security@zoom.com,p1
2025-10-27T18:21:52.928Z,compliance@zoom.com,p1
2025-10-27T18:21:52.928Z,privacy@zoom.com,p1
2025-10-27T18:21:52.928Z,legal@zoom.com,p1
2025-10-27T18:21:52.928Z,cto@zoom.com,p1
2025-10-27T18:21:52.928Z,ciso@zoom.com,p1
2025-10-27T18:21:52.928Z,info@zoom.com,p1
