email,timestamp,source
mailer-daemon@googlemail.com,2025-10-27T17:32:00.045Z,inbox
mailer-daemon@googlemail.com,2025-10-27T17:32:00.062Z,inbox
mailer-daemon@googlemail.com,2025-10-27T17:32:00.108Z,inbox
mailer-daemon@googlemail.com,2025-10-27T17:32:00.111Z,inbox
mailer-daemon@googlemail.com,2025-10-27T17:32:00.127Z,inbox
mailer-daemon@googlemail.com,2025-10-27T17:32:00.238Z,inbox
mailer-daemon@googlemail.com,2025-10-27T17:32:00.239Z,inbox
mailer-daemon@googlemail.com,2025-10-27T17:32:00.240Z,inbox
mailer-daemon@googlemail.com,2025-10-27T17:32:00.241Z,inbox
mailer-daemon@googlemail.com,2025-10-27T17:32:00.242Z,inbox
mailer-daemon@googlemail.com,2025-10-27T17:32:00.243Z,inbox
mailer-daemon@googlemail.com,2025-10-27T17:32:00.245Z,inbox
mailer-daemon@googlemail.com,2025-10-27T17:32:00.257Z,inbox
mailer-daemon@googlemail.com,2025-10-27T17:32:00.258Z,inbox
mailer-daemon@googlemail.com,2025-10-27T17:32:00.260Z,inbox
mailer-daemon@googlemail.com,2025-10-27T17:32:00.261Z,inbox
mailer-daemon@googlemail.com,2025-10-27T18:44:10.898Z,inbox
mailer-daemon@googlemail.com,2025-10-27T18:44:10.908Z,inbox
mailer-daemon@googlemail.com,2025-10-27T18:44:10.937Z,inbox
mailer-daemon@googlemail.com,2025-10-27T18:44:10.938Z,inbox
mailer-daemon@googlemail.com,2025-10-27T18:44:10.948Z,inbox
mailer-daemon@googlemail.com,2025-10-27T18:44:11.018Z,inbox
mailer-daemon@googlemail.com,2025-10-27T18:44:11.019Z,inbox
mailer-daemon@googlemail.com,2025-10-27T18:44:11.020Z,inbox
mailer-daemon@googlemail.com,2025-10-27T18:44:11.022Z,inbox
mailer-daemon@googlemail.com,2025-10-27T18:44:11.023Z,inbox
mailer-daemon@googlemail.com,2025-10-27T18:44:11.024Z,inbox
mailer-daemon@googlemail.com,2025-10-27T18:44:11.025Z,inbox
mailer-daemon@googlemail.com,2025-10-27T18:44:11.027Z,inbox
mailer-daemon@googlemail.com,2025-10-27T18:44:11.030Z,inbox
mailer-daemon@googlemail.com,2025-10-27T18:44:11.038Z,inbox
mailer-daemon@googlemail.com,2025-10-27T18:44:11.042Z,inbox
