vendor,ts,url,snippet
"_seed","2025-10-17T12:49:51.796Z","",""
"_seed","2025-10-17T12:49:51.796Z","",""
"_seed","2025-10-17T12:49:51.796Z","",""
"algolia.com","2025-10-17T00:00:00.000Z","https://algolia.com/legal/security",""
"algolia.com","2025-10-17T00:00:00.000Z","https://algolia.com/.well-known/security.txt",""
"algolia.com","2025-10-17T00:00:00.000Z","https://algolia.com/legal/privacy",""
"algolia.com","2025-10-17T00:00:00.000Z","https://algolia.com",""
"algolia.com","2025-10-17T00:00:00.000Z","https://algolia.com/data-processing-addendum",""
"algolia.com","2025-10-17T00:00:00.000Z","https://algolia.com/dpa",""
"algolia.com","2025-10-17T00:00:00.000Z","https://algolia.com/legal/dpa",""
"adyen.com","2025-10-17T00:00:00.000Z","https://adyen.com/terms-of-service",""
"adyen.com","2025-10-17T00:00:00.000Z","https://adyen.com/legal/terms",""
"adyen.com","2025-10-17T00:00:00.000Z","https://adyen.com/tos",""
"adyen.com","2025-10-17T00:00:00.000Z","https://adyen.com/terms",""
"adyen.com","2025-10-17T00:00:00.000Z","https://adyen.com/sub-processors",""
"adyen.com","2025-10-17T00:00:00.000Z","https://adyen.com/legal/subprocessors",""
"adyen.com","2025-10-17T00:00:00.000Z","https://adyen.com/subprocessors",""
"adyen.com","2025-10-17T00:00:00.000Z","https://adyen.com/status",""
"adyen.com","2025-10-17T00:00:00.000Z","https://adyen.com/status/",""
"adyen.com","2025-10-17T00:00:00.000Z","https://adyen.com/security",""
"adyen.com","2025-10-17T00:00:00.000Z","https://adyen.com/.well-known/security.txt",""
"adyen.com","2025-10-17T00:00:00.000Z","https://adyen.com/trust-center",""
"adyen.com","2025-10-17T00:00:00.000Z","https://adyen.com/legal/security",""
"adyen.com","2025-10-17T00:00:00.000Z","https://adyen.com/trust",""
"adyen.com","2025-10-17T00:00:00.000Z","https://adyen.com/privacy",""
"adyen.com","2025-10-17T00:00:00.000Z","https://adyen.com/legal/privacy",""
"adyen.com","2025-10-17T00:00:00.000Z","https://adyen.com/privacy-policy",""
"adyen.com","2025-10-17T00:00:00.000Z","https://adyen.com/pricing",""
"adyen.com","2025-10-17T00:00:00.000Z","https://adyen.com/plans",""
"adyen.com","2025-10-17T00:00:00.000Z","https://adyen.com",""
"adyen.com","2025-10-17T00:00:00.000Z","https://adyen.com/legal/dpa",""
"adyen.com","2025-10-17T00:00:00.000Z","https://adyen.com/dpa",""
"adyen.com","2025-10-17T00:00:00.000Z","https://adyen.com/data-processing-addendum",""
"zoom.us","2025-10-13T00:00:00.000Z","https://zoom.us/pricing",""
"zoom.us","2025-10-13T00:00:00.000Z","https://zoom.us/plans",""
"zoom.us","2025-10-13T00:00:00.000Z","https://zoom.us",""
"zoho.com","2025-10-13T00:00:00.000Z","https://zoho.com/.well-known/security.txt",""
"zoho.com","2025-10-13T00:00:00.000Z","https://zoho.com/legal/privacy",""
"zoho.com","2025-10-13T00:00:00.000Z","https://zoho.com/pricing",""
"zoho.com","2025-10-13T00:00:00.000Z","https://zoho.com/plans",""
"zoho.com","2025-10-13T00:00:00.000Z","https://zoho.com",""
"zoho.com","2025-10-13T00:00:00.000Z","https://zoho.com/data-processing-addendum",""
"zoho.com","2025-10-13T00:00:00.000Z","https://zoho.com/dpa",""
"zoho.com","2025-10-13T00:00:00.000Z","https://zoho.com/legal/dpa",""
"zendesk.com","2025-10-13T00:00:00.000Z","https://zendesk.com/.well-known/security.txt",""
"zendesk.com","2025-10-13T00:00:00.000Z","https://zendesk.com/legal/privacy",""
"zendesk.com","2025-10-13T00:00:00.000Z","https://zendesk.com/pricing",""
"zendesk.com","2025-10-13T00:00:00.000Z","https://zendesk.com/plans",""
"zendesk.com","2025-10-13T00:00:00.000Z","https://zendesk.com",""
"zendesk.com","2025-10-13T00:00:00.000Z","https://zendesk.com/legal/dpa",""
"zendesk.com","2025-10-13T00:00:00.000Z","https://zendesk.com/data-processing-addendum",""
"zendesk.com","2025-10-13T00:00:00.000Z","https://zendesk.com/dpa",""
"vercel.com","2025-10-13T00:00:00.000Z","https://vercel.com/.well-known/security.txt",""
"vercel.com","2025-10-13T00:00:00.000Z","https://vercel.com/legal/privacy",""
"vercel.com","2025-10-13T00:00:00.000Z","https://vercel.com/plans",""
"vercel.com","2025-10-13T00:00:00.000Z","https://vercel.com/pricing",""
"vercel.com","2025-10-13T00:00:00.000Z","https://vercel.com",""
"vercel.com","2025-10-13T00:00:00.000Z","https://vercel.com/dpa",""
"vercel.com","2025-10-13T00:00:00.000Z","https://vercel.com/data-processing-addendum",""
"vercel.com","2025-10-13T00:00:00.000Z","https://vercel.com/legal/dpa",""
"twilio.com","2025-10-13T00:00:00.000Z","https://twilio.com/.well-known/security.txt",""
"twilio.com","2025-10-13T00:00:00.000Z","https://twilio.com/legal/privacy",""
"twilio.com","2025-10-13T00:00:00.000Z","https://twilio.com/plans",""
"twilio.com","2025-10-13T00:00:00.000Z","https://twilio.com/pricing",""
"twilio.com","2025-10-13T00:00:00.000Z","https://twilio.com",""
"twilio.com","2025-10-13T00:00:00.000Z","https://twilio.com/dpa",""
"twilio.com","2025-10-13T00:00:00.000Z","https://twilio.com/legal/dpa",""
"twilio.com","2025-10-13T00:00:00.000Z","https://twilio.com/data-processing-addendum",""
"supabase.com","2025-10-13T00:00:00.000Z","https://supabase.com/legal/privacy",""
"supabase.com","2025-10-13T00:00:00.000Z","https://supabase.com/plans",""
"supabase.com","2025-10-13T00:00:00.000Z","https://supabase.com/pricing",""
"supabase.com","2025-10-13T00:00:00.000Z","https://supabase.com",""
"supabase.com","2025-10-13T00:00:00.000Z","https://supabase.com/legal/dpa",""
"supabase.com","2025-10-13T00:00:00.000Z","https://supabase.com/data-processing-addendum",""
"supabase.com","2025-10-13T00:00:00.000Z","https://supabase.com/dpa",""
"stripe.com","2025-10-13T00:00:00.000Z","https://stripe.com/.well-known/security.txt",""
"stripe.com","2025-10-13T00:00:00.000Z","https://stripe.com/legal/privacy",""
"stripe.com","2025-10-13T00:00:00.000Z","https://stripe.com/plans",""
"stripe.com","2025-10-13T00:00:00.000Z","https://stripe.com/pricing",""
"stripe.com","2025-10-13T00:00:00.000Z","https://stripe.com",""
"stripe.com","2025-10-13T00:00:00.000Z","https://stripe.com/dpa",""
"stripe.com","2025-10-13T00:00:00.000Z","https://stripe.com/data-processing-addendum",""
"stripe.com","2025-10-13T00:00:00.000Z","https://stripe.com/legal/dpa",""
"status.zoom.us","2025-10-13T00:00:00.000Z","https://status.zoom.us/api/v2/summary.json",""
"status.zoom.us","2025-10-13T00:00:00.000Z","https://status.zoom.us/",""
"status.zoom.us","2025-10-13T00:00:00.000Z","https://status.zoom.us",""
"status.zoho.com","2025-10-13T00:00:00.000Z","https://status.zoho.com/",""
"status.zoho.com","2025-10-13T00:00:00.000Z","https://status.zoho.com/api/v2/summary.json",""
"status.zendesk.com","2025-10-13T00:00:00.000Z","https://status.zendesk.com/api/v2/summary.json",""
"status.zendesk.com","2025-10-13T00:00:00.000Z","https://status.zendesk.com/",""
"status.zendesk.com","2025-10-13T00:00:00.000Z","https://status.zendesk.com",""
"status.vercel.com","2025-10-13T00:00:00.000Z","https://status.vercel.com/",""
"status.vercel.com","2025-10-13T00:00:00.000Z","https://status.vercel.com/api/v2/summary.json",""
"status.vercel.com","2025-10-13T00:00:00.000Z","https://status.vercel.com",""
"status.twilio.com","2025-10-13T00:00:00.000Z","https://status.twilio.com/api/v2/summary.json",""
"status.twilio.com","2025-10-13T00:00:00.000Z","https://status.twilio.com/",""
"status.supabase.com","2025-10-13T00:00:00.000Z","https://status.supabase.com/api/v2/summary.json",""
"status.supabase.com","2025-10-13T00:00:00.000Z","https://status.supabase.com/",""
"status.stripe.com","2025-10-13T00:00:00.000Z","https://status.stripe.com/api/v2/summary.json",""
"status.stripe.com","2025-10-13T00:00:00.000Z","https://status.stripe.com/",""
"status.stripe.com","2025-10-13T00:00:00.000Z","https://status.stripe.com",""
"status.snowflake.com","2025-10-13T00:00:00.000Z","https://status.snowflake.com/api/v2/summary.json",""
"status.snowflake.com","2025-10-13T00:00:00.000Z","https://status.snowflake.com/",""
"status.slack.com","2025-10-13T00:00:00.000Z","https://status.slack.com/",""
"status.slack.com","2025-10-13T00:00:00.000Z","https://status.slack.com/api/v2/summary.json",""
"status.slack.com","2025-10-13T00:00:00.000Z","https://status.slack.com",""
"status.sentry.io","2025-10-13T00:00:00.000Z","https://status.sentry.io/api/v2/summary.json",""
"status.sentry.io","2025-10-13T00:00:00.000Z","https://status.sentry.io/",""
"status.sendgrid.com","2025-10-13T00:00:00.000Z","https://status.sendgrid.com/",""
"status.sendgrid.com","2025-10-13T00:00:00.000Z","https://status.sendgrid.com/api/v2/summary.json",""
"status.segment.com","2025-10-13T00:00:00.000Z","https://status.segment.com/",""
"status.segment.com","2025-10-13T00:00:00.000Z","https://status.segment.com/api/v2/summary.json",""
"status.sanity.io","2025-10-13T00:00:00.000Z","https://status.sanity.io/api/v2/summary.json",""
"status.sanity.io","2025-10-13T00:00:00.000Z","https://status.sanity.io/",""
"status.sanity.io","2025-10-13T00:00:00.000Z","https://status.sanity.io",""
"status.salesforce.com","2025-10-13T00:00:00.000Z","https://status.salesforce.com/api/v2/summary.json",""
"status.salesforce.com","2025-10-13T00:00:00.000Z","https://status.salesforce.com/",""
"status.salesforce.com","2025-10-13T00:00:00.000Z","https://status.salesforce.com",""
"status.render.com","2025-10-13T00:00:00.000Z","https://status.render.com/",""
"status.render.com","2025-10-13T00:00:00.000Z","https://status.render.com/api/v2/summary.json",""
"status.recurly.com","2025-10-13T00:00:00.000Z","https://status.recurly.com/",""
"status.recurly.com","2025-10-13T00:00:00.000Z","https://status.recurly.com/api/v2/summary.json",""
"status.recurly.com","2025-10-13T00:00:00.000Z","https://status.recurly.com",""
"status.postmarkapp.com","2025-10-13T00:00:00.000Z","https://status.postmarkapp.com/",""
"status.postmarkapp.com","2025-10-13T00:00:00.000Z","https://status.postmarkapp.com/api/v2/summary.json",""
"status.paddle.com","2025-10-13T00:00:00.000Z","https://status.paddle.com/api/v2/summary.json",""
"status.paddle.com","2025-10-13T00:00:00.000Z","https://status.paddle.com/",""
"status.paddle.com","2025-10-13T00:00:00.000Z","https://status.paddle.com",""
"status.onelogin.com","2025-10-13T00:00:00.000Z","https://status.onelogin.com/",""
"status.onelogin.com","2025-10-13T00:00:00.000Z","https://status.onelogin.com/api/v2/summary.json",""
"status.onelogin.com","2025-10-13T00:00:00.000Z","https://status.onelogin.com",""
"status.okta.com","2025-10-13T00:00:00.000Z","https://status.okta.com/",""
"status.okta.com","2025-10-13T00:00:00.000Z","https://status.okta.com/api/v2/summary.json",""
"status.okta.com","2025-10-13T00:00:00.000Z","https://status.okta.com",""
"status.notion.so","2025-10-13T00:00:00.000Z","https://status.notion.so/api/v2/summary.json",""
"status.notion.so","2025-10-13T00:00:00.000Z","https://status.notion.so/",""
"status.notion.so","2025-10-13T00:00:00.000Z","https://status.notion.so",""
"status.newrelic.com","2025-10-13T00:00:00.000Z","https://status.newrelic.com/",""
"status.newrelic.com","2025-10-13T00:00:00.000Z","https://status.newrelic.com/api/v2/summary.json",""
"status.netlify.com","2025-10-13T00:00:00.000Z","https://status.netlify.com/",""
"status.netlify.com","2025-10-13T00:00:00.000Z","https://status.netlify.com/api/v2/summary.json",""
"status.netlify.com","2025-10-13T00:00:00.000Z","https://status.netlify.com",""
"status.mongodb.com","2025-10-13T00:00:00.000Z","https://status.mongodb.com/",""
"status.mongodb.com","2025-10-13T00:00:00.000Z","https://status.mongodb.com/api/v2/summary.json",""
"status.monday.com","2025-10-13T00:00:00.000Z","https://status.monday.com/api/v2/summary.json",""
"status.monday.com","2025-10-13T00:00:00.000Z","https://status.monday.com/",""
"status.miro.com","2025-10-13T00:00:00.000Z","https://status.miro.com/",""
"status.miro.com","2025-10-13T00:00:00.000Z","https://status.miro.com/api/v2/summary.json",""
"status.miro.com","2025-10-13T00:00:00.000Z","https://status.miro.com",""
"status.microsoft.com","2025-10-13T00:00:00.000Z","https://status.microsoft.com/api/v2/summary.json",""
"status.microsoft.com","2025-10-13T00:00:00.000Z","https://status.microsoft.com/",""
"status.microsoft.com","2025-10-13T00:00:00.000Z","https://status.microsoft.com",""
"status.mailgun.com","2025-10-13T00:00:00.000Z","https://status.mailgun.com/api/v2/summary.json",""
"status.mailgun.com","2025-10-13T00:00:00.000Z","https://status.mailgun.com/",""
"status.linear.app","2025-10-13T00:00:00.000Z","https://status.linear.app/api/v2/summary.json",""
"status.linear.app","2025-10-13T00:00:00.000Z","https://status.linear.app/",""
"status.linear.app","2025-10-13T00:00:00.000Z","https://status.linear.app",""
"status.intercom.com","2025-10-13T00:00:00.000Z","https://status.intercom.com/api/v2/summary.json",""
"status.intercom.com","2025-10-13T00:00:00.000Z","https://status.intercom.com/",""
"status.intercom.com","2025-10-13T00:00:00.000Z","https://status.intercom.com",""
"status.hubspot.com","2025-10-13T00:00:00.000Z","https://status.hubspot.com/api/v2/summary.json",""
"status.hubspot.com","2025-10-13T00:00:00.000Z","https://status.hubspot.com/",""
"status.heroku.com","2025-10-13T00:00:00.000Z","https://status.heroku.com/",""
"status.heroku.com","2025-10-13T00:00:00.000Z","https://status.heroku.com/api/v2/summary.json",""
"status.heroku.com","2025-10-13T00:00:00.000Z","https://status.heroku.com",""
"status.helpscout.com","2025-10-13T00:00:00.000Z","https://status.helpscout.com/",""
"status.helpscout.com","2025-10-13T00:00:00.000Z","https://status.helpscout.com/api/v2/summary.json",""
"status.help","2025-10-13T00:00:00.000Z","https://status.help",""
"status.google.com","2025-10-13T00:00:00.000Z","https://status.google.com/api/v2/summary.json",""
"status.google.com","2025-10-13T00:00:00.000Z","https://status.google.com/",""
"status.google.com","2025-10-13T00:00:00.000Z","https://status.google.com",""
"status.globex.com","2025-10-13T00:00:00.000Z","https://status.globex.com/",""
"status.globex.com","2025-10-13T00:00:00.000Z","https://status.globex.com/api/v2/summary.json",""
"status.globex.com","2025-10-13T00:00:00.000Z","https://status.globex.com",""
"status.gitlab.com","2025-10-13T00:00:00.000Z","https://status.gitlab.com/",""
"status.gitlab.com","2025-10-13T00:00:00.000Z","https://status.gitlab.com/api/v2/summary.json",""
"status.gitlab.com","2025-10-13T00:00:00.000Z","https://status.gitlab.com",""
"status.github.com","2025-10-13T00:00:00.000Z","https://status.github.com/",""
"status.github.com","2025-10-13T00:00:00.000Z","https://status.github.com/api/v2/summary.json",""
"status.github.com","2025-10-13T00:00:00.000Z","https://status.github.com",""
"status.freshworks.com","2025-10-13T00:00:00.000Z","https://status.freshworks.com/api/v2/summary.json",""
"status.freshworks.com","2025-10-13T00:00:00.000Z","https://status.freshworks.com/",""
"status.freshworks.com","2025-10-13T00:00:00.000Z","https://status.freshworks.com",""
"status.figma.com","2025-10-13T00:00:00.000Z","https://status.figma.com/",""
"status.figma.com","2025-10-13T00:00:00.000Z","https://status.figma.com/api/v2/summary.json",""
"status.fastly.com","2025-10-13T00:00:00.000Z","https://status.fastly.com/",""
"status.fastly.com","2025-10-13T00:00:00.000Z","https://status.fastly.com/api/v2/summary.json",""
"status.fastly.com","2025-10-13T00:00:00.000Z","https://status.fastly.com",""
"status.elastic.co","2025-10-13T00:00:00.000Z","https://status.elastic.co/api/v2/summary.json",""
"status.elastic.co","2025-10-13T00:00:00.000Z","https://status.elastic.co/",""
"status.duo.com","2025-10-13T00:00:00.000Z","https://status.duo.com/",""
"status.duo.com","2025-10-13T00:00:00.000Z","https://status.duo.com/api/v2/summary.json",""
"status.dropbox.com","2025-10-13T00:00:00.000Z","https://status.dropbox.com/api/v2/summary.json",""
"status.dropbox.com","2025-10-13T00:00:00.000Z","https://status.dropbox.com/",""
"status.domain","2025-10-13T00:00:00.000Z","https://status.domain/api/v2/summary.json",""
"status.domain","2025-10-13T00:00:00.000Z","https://status.domain/",""
"status.domain","2025-10-13T00:00:00.000Z","https://status.domain",""
"status.datadoghq.com","2025-10-13T00:00:00.000Z","https://status.datadoghq.com/",""
"status.datadoghq.com","2025-10-13T00:00:00.000Z","https://status.datadoghq.com/api/v2/summary.json",""
"status.contentful.com","2025-10-13T00:00:00.000Z","https://status.contentful.com/",""
"status.contentful.com","2025-10-13T00:00:00.000Z","https://status.contentful.com/api/v2/summary.json",""
"status.contentful.com","2025-10-13T00:00:00.000Z","https://status.contentful.com",""
"status.confluent.io","2025-10-13T00:00:00.000Z","https://status.confluent.io/api/v2/summary.json",""
"status.confluent.io","2025-10-13T00:00:00.000Z","https://status.confluent.io/",""
"status.confluent.io","2025-10-13T00:00:00.000Z","https://status.confluent.io",""
"status.cloudflare.com","2025-10-13T00:00:00.000Z","https://status.cloudflare.com/api/v2/summary.json",""
"status.cloudflare.com","2025-10-13T00:00:00.000Z","https://status.cloudflare.com/",""
"status.cloudflare.com","2025-10-13T00:00:00.000Z","https://status.cloudflare.com",""
"status.checkout.com","2025-10-13T00:00:00.000Z","https://status.checkout.com/",""
"status.checkout.com","2025-10-13T00:00:00.000Z","https://status.checkout.com/api/v2/summary.json",""
"status.checkout.com","2025-10-13T00:00:00.000Z","https://status.checkout.com",""
"status.chargebee.com","2025-10-13T00:00:00.000Z","https://status.chargebee.com/",""
"status.chargebee.com","2025-10-13T00:00:00.000Z","https://status.chargebee.com/api/v2/summary.json",""
"status.canva.com","2025-10-13T00:00:00.000Z","https://status.canva.com/",""
"status.canva.com","2025-10-13T00:00:00.000Z","https://status.canva.com/api/v2/summary.json",""
"status.canva.com","2025-10-13T00:00:00.000Z","https://status.canva.com",""
"status.braintreepayments.com","2025-10-13T00:00:00.000Z","https://status.braintreepayments.com/api/v2/summary.json",""
"status.braintreepayments.com","2025-10-13T00:00:00.000Z","https://status.braintreepayments.com/",""
"status.braintreepayments.com","2025-10-13T00:00:00.000Z","https://status.braintreepayments.com",""
"status.box.com","2025-10-13T00:00:00.000Z","https://status.box.com/",""
"status.box.com","2025-10-13T00:00:00.000Z","https://status.box.com/api/v2/summary.json",""
"status.bitbucket.org","2025-10-13T00:00:00.000Z","https://status.bitbucket.org/api/v2/summary.json",""
"status.bitbucket.org","2025-10-13T00:00:00.000Z","https://status.bitbucket.org/",""
"status.bitbucket.org","2025-10-13T00:00:00.000Z","https://status.bitbucket.org",""
"status.aws.amazon.com","2025-10-13T00:00:00.000Z","https://status.aws.amazon.com/api/v2/summary.json",""
"status.aws.amazon.com","2025-10-13T00:00:00.000Z","https://status.aws.amazon.com/",""
"status.aws.amazon.com","2025-10-13T00:00:00.000Z","https://status.aws.amazon.com",""
"status.auth0.com","2025-10-13T00:00:00.000Z","https://status.auth0.com/",""
"status.auth0.com","2025-10-13T00:00:00.000Z","https://status.auth0.com/api/v2/summary.json",""
"status.auth0.com","2025-10-13T00:00:00.000Z","https://status.auth0.com",""
"status.atlassian.com","2025-10-13T00:00:00.000Z","https://status.atlassian.com/",""
"status.atlassian.com","2025-10-13T00:00:00.000Z","https://status.atlassian.com/api/v2/summary.json",""
"status.asana.com","2025-10-13T00:00:00.000Z","https://status.asana.com/api/v2/summary.json",""
"status.asana.com","2025-10-13T00:00:00.000Z","https://status.asana.com/",""
"status.algolia.com","2025-10-13T00:00:00.000Z","https://status.algolia.com/api/v2/summary.json",""
"status.algolia.com","2025-10-13T00:00:00.000Z","https://status.algolia.com/",""
"status.algolia.com","2025-10-13T00:00:00.000Z","https://status.algolia.com",""
"status.adyen.com","2025-10-13T00:00:00.000Z","https://status.adyen.com/api/v2/summary.json",""
"status.adyen.com","2025-10-13T00:00:00.000Z","https://status.adyen.com/",""
"status.adyen.com","2025-10-13T00:00:00.000Z","https://status.adyen.com",""
"status.acme.com","2025-10-13T00:00:00.000Z","https://status.acme.com",""
"snowflake.com","2025-10-13T00:00:00.000Z","https://snowflake.com/.well-known/security.txt",""
"snowflake.com","2025-10-13T00:00:00.000Z","https://snowflake.com/legal/privacy",""
"snowflake.com","2025-10-13T00:00:00.000Z","https://snowflake.com/plans",""
"snowflake.com","2025-10-13T00:00:00.000Z","https://snowflake.com/pricing",""
"snowflake.com","2025-10-13T00:00:00.000Z","https://snowflake.com",""
"snowflake.com","2025-10-13T00:00:00.000Z","https://snowflake.com/legal/dpa",""
"snowflake.com","2025-10-13T00:00:00.000Z","https://snowflake.com/data-processing-addendum",""
"snowflake.com","2025-10-13T00:00:00.000Z","https://snowflake.com/dpa",""
"slack.com","2025-10-13T00:00:00.000Z","https://slack.com/.well-known/security.txt",""
"slack.com","2025-10-13T00:00:00.000Z","https://slack.com/plans",""
"slack.com","2025-10-13T00:00:00.000Z","https://slack.com/pricing",""
"slack.com","2025-10-13T00:00:00.000Z","https://slack.com",""
"sentry.io","2025-10-13T00:00:00.000Z","https://sentry.io/.well-known/security.txt",""
"sentry.io","2025-10-13T00:00:00.000Z","https://sentry.io/legal/privacy",""
"sentry.io","2025-10-13T00:00:00.000Z","https://sentry.io/pricing",""
"sentry.io","2025-10-13T00:00:00.000Z","https://sentry.io/plans",""
"sentry.io","2025-10-13T00:00:00.000Z","https://sentry.io",""
"sentry.io","2025-10-13T00:00:00.000Z","https://sentry.io/dpa",""
"sentry.io","2025-10-13T00:00:00.000Z","https://sentry.io/data-processing-addendum",""
"sentry.io","2025-10-13T00:00:00.000Z","https://sentry.io/legal/dpa",""
"sendgrid.com","2025-10-13T00:00:00.000Z","https://sendgrid.com/.well-known/security.txt",""
"sendgrid.com","2025-10-13T00:00:00.000Z","https://sendgrid.com/plans",""
"sendgrid.com","2025-10-13T00:00:00.000Z","https://sendgrid.com/pricing",""
"sendgrid.com","2025-10-13T00:00:00.000Z","https://sendgrid.com",""
"segment.com","2025-10-13T00:00:00.000Z","https://segment.com/legal/privacy",""
"segment.com","2025-10-13T00:00:00.000Z","https://segment.com/plans",""
"segment.com","2025-10-13T00:00:00.000Z","https://segment.com/pricing",""
"segment.com","2025-10-13T00:00:00.000Z","https://segment.com/legal/dpa",""
"segment.com","2025-10-13T00:00:00.000Z","https://segment.com/data-processing-addendum",""
"segment.com","2025-10-13T00:00:00.000Z","https://segment.com/dpa",""
"sanity.io","2025-10-13T00:00:00.000Z","https://sanity.io/.well-known/security.txt",""
"sanity.io","2025-10-13T00:00:00.000Z","https://sanity.io/legal/privacy",""
"sanity.io","2025-10-13T00:00:00.000Z","https://sanity.io/plans",""
"sanity.io","2025-10-13T00:00:00.000Z","https://sanity.io/pricing",""
"sanity.io","2025-10-13T00:00:00.000Z","https://sanity.io",""
"sanity.io","2025-10-13T00:00:00.000Z","https://sanity.io/dpa",""
"sanity.io","2025-10-13T00:00:00.000Z","https://sanity.io/data-processing-addendum",""
"sanity.io","2025-10-13T00:00:00.000Z","https://sanity.io/legal/dpa",""
"salesforce.com","2025-10-13T00:00:00.000Z","https://salesforce.com/.well-known/security.txt",""
"salesforce.com","2025-10-13T00:00:00.000Z","https://salesforce.com/legal/privacy",""
"salesforce.com","2025-10-13T00:00:00.000Z","https://salesforce.com/pricing",""
"salesforce.com","2025-10-13T00:00:00.000Z","https://salesforce.com/plans",""
"salesforce.com","2025-10-13T00:00:00.000Z","https://salesforce.com",""
"salesforce.com","2025-10-13T00:00:00.000Z","https://salesforce.com/data-processing-addendum",""
"salesforce.com","2025-10-13T00:00:00.000Z","https://salesforce.com/dpa",""
"salesforce.com","2025-10-13T00:00:00.000Z","https://salesforce.com/legal/dpa",""
"render.com","2025-10-13T00:00:00.000Z","https://render.com/.well-known/security.txt",""
"render.com","2025-10-13T00:00:00.000Z","https://render.com/pricing",""
"render.com","2025-10-13T00:00:00.000Z","https://render.com/plans",""
"recurly.com","2025-10-13T00:00:00.000Z","https://recurly.com/.well-known/security.txt",""
"recurly.com","2025-10-13T00:00:00.000Z","https://recurly.com/legal/privacy",""
"recurly.com","2025-10-13T00:00:00.000Z","https://recurly.com/plans",""
"recurly.com","2025-10-13T00:00:00.000Z","https://recurly.com/pricing",""
"recurly.com","2025-10-13T00:00:00.000Z","https://recurly.com",""
"recurly.com","2025-10-13T00:00:00.000Z","https://recurly.com/data-processing-addendum",""
"recurly.com","2025-10-13T00:00:00.000Z","https://recurly.com/legal/dpa",""
"recurly.com","2025-10-13T00:00:00.000Z","https://recurly.com/dpa",""
"postmarkapp.com","2025-10-13T00:00:00.000Z","https://postmarkapp.com/plans",""
"postmarkapp.com","2025-10-13T00:00:00.000Z","https://postmarkapp.com/pricing",""
"postmarkapp.com","2025-10-13T00:00:00.000Z","https://postmarkapp.com",""
"postmarkapp.com","2025-10-13T00:00:00.000Z","https://postmarkapp.com/dpa",""
"paddle.com","2025-10-13T00:00:00.000Z","https://paddle.com/.well-known/security.txt",""
"paddle.com","2025-10-13T00:00:00.000Z","https://paddle.com/legal/privacy",""
"paddle.com","2025-10-13T00:00:00.000Z","https://paddle.com/plans",""
"paddle.com","2025-10-13T00:00:00.000Z","https://paddle.com/pricing",""
"paddle.com","2025-10-13T00:00:00.000Z","https://paddle.com",""
"paddle.com","2025-10-13T00:00:00.000Z","https://paddle.com/data-processing-addendum",""
"paddle.com","2025-10-13T00:00:00.000Z","https://paddle.com/dpa",""
"paddle.com","2025-10-13T00:00:00.000Z","https://paddle.com/legal/dpa",""
"onelogin.com","2025-10-13T00:00:00.000Z","https://onelogin.com/.well-known/security.txt",""
"onelogin.com","2025-10-13T00:00:00.000Z","https://onelogin.com/legal/privacy",""
"onelogin.com","2025-10-13T00:00:00.000Z","https://onelogin.com/plans",""
"onelogin.com","2025-10-13T00:00:00.000Z","https://onelogin.com/pricing",""
"onelogin.com","2025-10-13T00:00:00.000Z","https://onelogin.com",""
"onelogin.com","2025-10-13T00:00:00.000Z","https://onelogin.com/data-processing-addendum",""
"onelogin.com","2025-10-13T00:00:00.000Z","https://onelogin.com/dpa",""
"onelogin.com","2025-10-13T00:00:00.000Z","https://onelogin.com/legal/dpa",""
"okta.com","2025-10-13T00:00:00.000Z","https://okta.com/.well-known/security.txt",""
"okta.com","2025-10-13T00:00:00.000Z","https://okta.com/legal/privacy",""
"okta.com","2025-10-13T00:00:00.000Z","https://okta.com/pricing",""
"okta.com","2025-10-13T00:00:00.000Z","https://okta.com/plans",""
"okta.com","2025-10-13T00:00:00.000Z","https://okta.com",""
"okta.com","2025-10-13T00:00:00.000Z","https://okta.com/legal/dpa",""
"okta.com","2025-10-13T00:00:00.000Z","https://okta.com/dpa",""
"okta.com","2025-10-13T00:00:00.000Z","https://okta.com/data-processing-addendum",""
"notion.so","2025-10-13T00:00:00.000Z","https://notion.so/.well-known/security.txt",""
"notion.so","2025-10-13T00:00:00.000Z","https://notion.so/legal/privacy",""
"notion.so","2025-10-13T00:00:00.000Z","https://notion.so/pricing",""
"notion.so","2025-10-13T00:00:00.000Z","https://notion.so/plans",""
"notion.so","2025-10-13T00:00:00.000Z","https://notion.so",""
"notion.so","2025-10-13T00:00:00.000Z","https://notion.so/dpa",""
"notion.so","2025-10-13T00:00:00.000Z","https://notion.so/legal/dpa",""
"notion.so","2025-10-13T00:00:00.000Z","https://notion.so/data-processing-addendum",""
"newrelic.com","2025-10-13T00:00:00.000Z","https://newrelic.com/.well-known/security.txt",""
"newrelic.com","2025-10-13T00:00:00.000Z","https://newrelic.com/legal/privacy",""
"newrelic.com","2025-10-13T00:00:00.000Z","https://newrelic.com/plans",""
"newrelic.com","2025-10-13T00:00:00.000Z","https://newrelic.com/pricing",""
"newrelic.com","2025-10-13T00:00:00.000Z","https://newrelic.com",""
"newrelic.com","2025-10-13T00:00:00.000Z","https://newrelic.com/legal/dpa",""
"newrelic.com","2025-10-13T00:00:00.000Z","https://newrelic.com/dpa",""
"newrelic.com","2025-10-13T00:00:00.000Z","https://newrelic.com/data-processing-addendum",""
"netlify.com","2025-10-13T00:00:00.000Z","https://netlify.com/.well-known/security.txt",""
"netlify.com","2025-10-13T00:00:00.000Z","https://netlify.com/legal/privacy",""
"netlify.com","2025-10-13T00:00:00.000Z","https://netlify.com/plans",""
"netlify.com","2025-10-13T00:00:00.000Z","https://netlify.com/pricing",""
"netlify.com","2025-10-13T00:00:00.000Z","https://netlify.com",""
"netlify.com","2025-10-13T00:00:00.000Z","https://netlify.com/data-processing-addendum",""
"netlify.com","2025-10-13T00:00:00.000Z","https://netlify.com/legal/dpa",""
"netlify.com","2025-10-13T00:00:00.000Z","https://netlify.com/dpa",""
"mongodb.com","2025-10-13T00:00:00.000Z","https://mongodb.com/.well-known/security.txt",""
"mongodb.com","2025-10-13T00:00:00.000Z","https://mongodb.com/legal/privacy",""
"mongodb.com","2025-10-13T00:00:00.000Z","https://mongodb.com/pricing",""
"mongodb.com","2025-10-13T00:00:00.000Z","https://mongodb.com/plans",""
"mongodb.com","2025-10-13T00:00:00.000Z","https://mongodb.com",""
"mongodb.com","2025-10-13T00:00:00.000Z","https://mongodb.com/legal/dpa",""
"mongodb.com","2025-10-13T00:00:00.000Z","https://mongodb.com/data-processing-addendum",""
"mongodb.com","2025-10-13T00:00:00.000Z","https://mongodb.com/dpa",""
"monday.com","2025-10-13T00:00:00.000Z","https://monday.com/pricing",""
"monday.com","2025-10-13T00:00:00.000Z","https://monday.com/plans",""
"miro.com","2025-10-13T00:00:00.000Z","https://miro.com/legal/privacy",""
"miro.com","2025-10-13T00:00:00.000Z","https://miro.com/plans",""
"miro.com","2025-10-13T00:00:00.000Z","https://miro.com/pricing",""
"miro.com","2025-10-13T00:00:00.000Z","https://miro.com",""
"miro.com","2025-10-13T00:00:00.000Z","https://miro.com/data-processing-addendum",""
"miro.com","2025-10-13T00:00:00.000Z","https://miro.com/legal/dpa",""
"miro.com","2025-10-13T00:00:00.000Z","https://miro.com/dpa",""
"microsoft.com","2025-10-13T00:00:00.000Z","https://microsoft.com/.well-known/security.txt",""
"microsoft.com","2025-10-13T00:00:00.000Z","https://microsoft.com/legal/privacy",""
"microsoft.com","2025-10-13T00:00:00.000Z","https://microsoft.com/pricing",""
"microsoft.com","2025-10-13T00:00:00.000Z","https://microsoft.com/plans",""
"microsoft.com","2025-10-13T00:00:00.000Z","https://microsoft.com",""
"microsoft.com","2025-10-13T00:00:00.000Z","https://microsoft.com/legal/dpa",""
"microsoft.com","2025-10-13T00:00:00.000Z","https://microsoft.com/dpa",""
"microsoft.com","2025-10-13T00:00:00.000Z","https://microsoft.com/data-processing-addendum",""
"mailgun.com","2025-10-13T00:00:00.000Z","https://mailgun.com/.well-known/security.txt",""
"mailgun.com","2025-10-13T00:00:00.000Z","https://mailgun.com/legal/privacy",""
"mailgun.com","2025-10-13T00:00:00.000Z","https://mailgun.com/pricing",""
"mailgun.com","2025-10-13T00:00:00.000Z","https://mailgun.com/plans",""
"mailgun.com","2025-10-13T00:00:00.000Z","https://mailgun.com",""
"mailgun.com","2025-10-13T00:00:00.000Z","https://mailgun.com/dpa",""
"mailgun.com","2025-10-13T00:00:00.000Z","https://mailgun.com/legal/dpa",""
"mailgun.com","2025-10-13T00:00:00.000Z","https://mailgun.com/data-processing-addendum",""
"linear.app","2025-10-13T00:00:00.000Z","https://linear.app/.well-known/security.txt",""
"linear.app","2025-10-13T00:00:00.000Z","https://linear.app/legal/privacy",""
"linear.app","2025-10-13T00:00:00.000Z","https://linear.app/plans",""
"linear.app","2025-10-13T00:00:00.000Z","https://linear.app/pricing",""
"linear.app","2025-10-13T00:00:00.000Z","https://linear.app",""
"linear.app","2025-10-13T00:00:00.000Z","https://linear.app/data-processing-addendum",""
"linear.app","2025-10-13T00:00:00.000Z","https://linear.app/dpa",""
"linear.app","2025-10-13T00:00:00.000Z","https://linear.app/legal/dpa",""
"intercom.com","2025-10-13T00:00:00.000Z","https://intercom.com/.well-known/security.txt",""
"intercom.com","2025-10-13T00:00:00.000Z","https://intercom.com/legal/privacy",""
"intercom.com","2025-10-13T00:00:00.000Z","https://intercom.com/pricing",""
"intercom.com","2025-10-13T00:00:00.000Z","https://intercom.com/plans",""
"intercom.com","2025-10-13T00:00:00.000Z","https://intercom.com",""
"intercom.com","2025-10-13T00:00:00.000Z","https://intercom.com/data-processing-addendum",""
"intercom.com","2025-10-13T00:00:00.000Z","https://intercom.com/dpa",""
"intercom.com","2025-10-13T00:00:00.000Z","https://intercom.com/legal/dpa",""
"hubspot.com","2025-10-13T00:00:00.000Z","https://hubspot.com/.well-known/security.txt",""
"hubspot.com","2025-10-13T00:00:00.000Z","https://hubspot.com/legal/privacy",""
"hubspot.com","2025-10-13T00:00:00.000Z","https://hubspot.com/pricing",""
"hubspot.com","2025-10-13T00:00:00.000Z","https://hubspot.com/plans",""
"hubspot.com","2025-10-13T00:00:00.000Z","https://hubspot.com",""
"hubspot.com","2025-10-13T00:00:00.000Z","https://hubspot.com/dpa",""
"hubspot.com","2025-10-13T00:00:00.000Z","https://hubspot.com/legal/dpa",""
"hubspot.com","2025-10-13T00:00:00.000Z","https://hubspot.com/data-processing-addendum",""
"heroku.com","2025-10-13T00:00:00.000Z","https://heroku.com/.well-known/security.txt",""
"heroku.com","2025-10-13T00:00:00.000Z","https://heroku.com/legal/privacy",""
"heroku.com","2025-10-13T00:00:00.000Z","https://heroku.com/pricing",""
"heroku.com","2025-10-13T00:00:00.000Z","https://heroku.com/plans",""
"heroku.com","2025-10-13T00:00:00.000Z","https://heroku.com",""
"heroku.com","2025-10-13T00:00:00.000Z","https://heroku.com/data-processing-addendum",""
"heroku.com","2025-10-13T00:00:00.000Z","https://heroku.com/legal/dpa",""
"heroku.com","2025-10-13T00:00:00.000Z","https://heroku.com/dpa",""
"helpscout.com","2025-10-13T00:00:00.000Z","https://helpscout.com/legal/security",""
"helpscout.com","2025-10-13T00:00:00.000Z","https://helpscout.com/.well-known/security.txt",""
"helpscout.com","2025-10-13T00:00:00.000Z","https://helpscout.com/legal/privacy",""
"helpscout.com","2025-10-13T00:00:00.000Z","https://helpscout.com/pricing",""
"helpscout.com","2025-10-13T00:00:00.000Z","https://helpscout.com/plans",""
"helpscout.com","2025-10-13T00:00:00.000Z","https://helpscout.com/legal/dpa",""
"helpscout.com","2025-10-13T00:00:00.000Z","https://helpscout.com/data-processing-addendum",""
"helpscout.com","2025-10-13T00:00:00.000Z","https://helpscout.com/dpa",""
"help","2025-10-13T00:00:00.000Z","https://help",""
"help","2025-10-13T00:00:00.000Z","https://help",""
"google.com","2025-10-13T00:00:00.000Z","https://google.com/.well-known/security.txt",""
"google.com","2025-10-13T00:00:00.000Z","https://google.com/legal/privacy",""
"google.com","2025-10-13T00:00:00.000Z","https://google.com/pricing",""
"google.com","2025-10-13T00:00:00.000Z","https://google.com/plans",""
"google.com","2025-10-13T00:00:00.000Z","https://google.com",""
"google.com","2025-10-13T00:00:00.000Z","https://google.com/legal/dpa",""
"google.com","2025-10-13T00:00:00.000Z","https://google.com/data-processing-addendum",""
"google.com","2025-10-13T00:00:00.000Z","https://google.com/dpa",""
"globex.com","2025-10-13T00:00:00.000Z","https://globex.com/.well-known/security.txt",""
"globex.com","2025-10-13T00:00:00.000Z","https://globex.com/legal/privacy",""
"globex.com","2025-10-13T00:00:00.000Z","https://globex.com/pricing",""
"globex.com","2025-10-13T00:00:00.000Z","https://globex.com/plans",""
"globex.com","2025-10-13T00:00:00.000Z","https://globex.com",""
"globex.com","2025-10-13T00:00:00.000Z","https://globex.com/data-processing-addendum",""
"globex.com","2025-10-13T00:00:00.000Z","https://globex.com/dpa",""
"globex.com","2025-10-13T00:00:00.000Z","https://globex.com/legal/dpa",""
"gitlab.com","2025-10-13T00:00:00.000Z","https://gitlab.com/.well-known/security.txt",""
"gitlab.com","2025-10-13T00:00:00.000Z","https://gitlab.com/legal/privacy",""
"gitlab.com","2025-10-13T00:00:00.000Z","https://gitlab.com/plans",""
"gitlab.com","2025-10-13T00:00:00.000Z","https://gitlab.com/pricing",""
"gitlab.com","2025-10-13T00:00:00.000Z","https://gitlab.com",""
"gitlab.com","2025-10-13T00:00:00.000Z","https://gitlab.com/data-processing-addendum",""
"gitlab.com","2025-10-13T00:00:00.000Z","https://gitlab.com/legal/dpa",""
"github.com","2025-10-13T00:00:00.000Z","https://github.com/plans",""
"github.com","2025-10-13T00:00:00.000Z","https://github.com/pricing",""
"github.com","2025-10-13T00:00:00.000Z","https://github.com/data-processing-addendum",""
"freshworks.com","2025-10-13T00:00:00.000Z","https://freshworks.com/.well-known/security.txt",""
"freshworks.com","2025-10-13T00:00:00.000Z","https://freshworks.com/legal/privacy",""
"freshworks.com","2025-10-13T00:00:00.000Z","https://freshworks.com/pricing",""
"freshworks.com","2025-10-13T00:00:00.000Z","https://freshworks.com/plans",""
"freshworks.com","2025-10-13T00:00:00.000Z","https://freshworks.com",""
"freshworks.com","2025-10-13T00:00:00.000Z","https://freshworks.com/data-processing-addendum",""
"freshworks.com","2025-10-13T00:00:00.000Z","https://freshworks.com/dpa",""
"freshworks.com","2025-10-13T00:00:00.000Z","https://freshworks.com/legal/dpa",""
"figma.com","2025-10-13T00:00:00.000Z","https://figma.com/.well-known/security.txt",""
"figma.com","2025-10-13T00:00:00.000Z","https://figma.com/legal/privacy",""
"figma.com","2025-10-13T00:00:00.000Z","https://figma.com/pricing",""
"figma.com","2025-10-13T00:00:00.000Z","https://figma.com/plans",""
"figma.com","2025-10-13T00:00:00.000Z","https://figma.com",""
"figma.com","2025-10-13T00:00:00.000Z","https://figma.com/dpa",""
"figma.com","2025-10-13T00:00:00.000Z","https://figma.com/data-processing-addendum",""
"figma.com","2025-10-13T00:00:00.000Z","https://figma.com/legal/dpa",""
"fastly.com","2025-10-13T00:00:00.000Z","https://fastly.com/.well-known/security.txt",""
"fastly.com","2025-10-13T00:00:00.000Z","https://fastly.com/legal/privacy",""
"fastly.com","2025-10-13T00:00:00.000Z","https://fastly.com/pricing",""
"fastly.com","2025-10-13T00:00:00.000Z","https://fastly.com/plans",""
"fastly.com","2025-10-13T00:00:00.000Z","https://fastly.com",""
"fastly.com","2025-10-13T00:00:00.000Z","https://fastly.com/dpa",""
"fastly.com","2025-10-13T00:00:00.000Z","https://fastly.com/data-processing-addendum",""
"fastly.com","2025-10-13T00:00:00.000Z","https://fastly.com/legal/dpa",""
"elastic.co","2025-10-13T00:00:00.000Z","https://elastic.co/.well-known/security.txt",""
"elastic.co","2025-10-13T00:00:00.000Z","https://elastic.co/legal/privacy",""
"elastic.co","2025-10-13T00:00:00.000Z","https://elastic.co/plans",""
"elastic.co","2025-10-13T00:00:00.000Z","https://elastic.co/pricing",""
"elastic.co","2025-10-13T00:00:00.000Z","https://elastic.co",""
"elastic.co","2025-10-13T00:00:00.000Z","https://elastic.co/data-processing-addendum",""
"elastic.co","2025-10-13T00:00:00.000Z","https://elastic.co/legal/dpa",""
"elastic.co","2025-10-13T00:00:00.000Z","https://elastic.co/dpa",""
"duo.com","2025-10-13T00:00:00.000Z","https://duo.com/.well-known/security.txt",""
"duo.com","2025-10-13T00:00:00.000Z","https://duo.com/legal/privacy",""
"duo.com","2025-10-13T00:00:00.000Z","https://duo.com/pricing",""
"duo.com","2025-10-13T00:00:00.000Z","https://duo.com/plans",""
"duo.com","2025-10-13T00:00:00.000Z","https://duo.com",""
"duo.com","2025-10-13T00:00:00.000Z","https://duo.com/dpa",""
"duo.com","2025-10-13T00:00:00.000Z","https://duo.com/legal/dpa",""
"duo.com","2025-10-13T00:00:00.000Z","https://duo.com/data-processing-addendum",""
"dropbox.com","2025-10-13T00:00:00.000Z","https://dropbox.com/.well-known/security.txt",""
"dropbox.com","2025-10-13T00:00:00.000Z","https://dropbox.com/legal/privacy",""
"dropbox.com","2025-10-13T00:00:00.000Z","https://dropbox.com/plans",""
"dropbox.com","2025-10-13T00:00:00.000Z","https://dropbox.com/pricing",""
"dropbox.com","2025-10-13T00:00:00.000Z","https://dropbox.com",""
"dropbox.com","2025-10-13T00:00:00.000Z","https://dropbox.com/dpa",""
"dropbox.com","2025-10-13T00:00:00.000Z","https://dropbox.com/data-processing-addendum",""
"dropbox.com","2025-10-13T00:00:00.000Z","https://dropbox.com/legal/dpa",""
"domain","2025-10-13T00:00:00.000Z","https://domain/.well-known/security.txt",""
"domain","2025-10-13T00:00:00.000Z","https://domain/legal/privacy",""
"domain","2025-10-13T00:00:00.000Z","https://domain/plans",""
"domain","2025-10-13T00:00:00.000Z","https://domain/pricing",""
"domain","2025-10-13T00:00:00.000Z","https://domain",""
"domain","2025-10-13T00:00:00.000Z","https://domain/data-processing-addendum",""
"domain","2025-10-13T00:00:00.000Z","https://domain/dpa",""
"domain","2025-10-13T00:00:00.000Z","https://domain/legal/dpa",""
"datadoghq.com","2025-10-13T00:00:00.000Z","https://datadoghq.com/legal/privacy",""
"datadoghq.com","2025-10-13T00:00:00.000Z","https://datadoghq.com/pricing",""
"datadoghq.com","2025-10-13T00:00:00.000Z","https://datadoghq.com/plans",""
"datadoghq.com","2025-10-13T00:00:00.000Z","https://datadoghq.com",""
"datadoghq.com","2025-10-13T00:00:00.000Z","https://datadoghq.com/data-processing-addendum",""
"datadoghq.com","2025-10-13T00:00:00.000Z","https://datadoghq.com/legal/dpa",""
"datadoghq.com","2025-10-13T00:00:00.000Z","https://datadoghq.com/dpa",""
"contentful.com","2025-10-13T00:00:00.000Z","https://contentful.com/.well-known/security.txt",""
"contentful.com","2025-10-13T00:00:00.000Z","https://contentful.com/legal/privacy",""
"contentful.com","2025-10-13T00:00:00.000Z","https://contentful.com/pricing",""
"contentful.com","2025-10-13T00:00:00.000Z","https://contentful.com/plans",""
"contentful.com","2025-10-13T00:00:00.000Z","https://contentful.com",""
"contentful.com","2025-10-13T00:00:00.000Z","https://contentful.com/dpa",""
"contentful.com","2025-10-13T00:00:00.000Z","https://contentful.com/legal/dpa",""
"contentful.com","2025-10-13T00:00:00.000Z","https://contentful.com/data-processing-addendum",""
"confluent.io","2025-10-13T00:00:00.000Z","https://confluent.io/.well-known/security.txt",""
"confluent.io","2025-10-13T00:00:00.000Z","https://confluent.io/legal/privacy",""
"confluent.io","2025-10-13T00:00:00.000Z","https://confluent.io/pricing",""
"confluent.io","2025-10-13T00:00:00.000Z","https://confluent.io/plans",""
"confluent.io","2025-10-13T00:00:00.000Z","https://confluent.io",""
"confluent.io","2025-10-13T00:00:00.000Z","https://confluent.io/dpa",""
"confluent.io","2025-10-13T00:00:00.000Z","https://confluent.io/legal/dpa",""
"confluent.io","2025-10-13T00:00:00.000Z","https://confluent.io/data-processing-addendum",""
"cloudflare.com","2025-10-13T00:00:00.000Z","https://cloudflare.com/.well-known/security.txt",""
"cloudflare.com","2025-10-13T00:00:00.000Z","https://cloudflare.com/legal/privacy",""
"cloudflare.com","2025-10-13T00:00:00.000Z","https://cloudflare.com/plans",""
"cloudflare.com","2025-10-13T00:00:00.000Z","https://cloudflare.com/pricing",""
"cloudflare.com","2025-10-13T00:00:00.000Z","https://cloudflare.com",""
"cloudflare.com","2025-10-13T00:00:00.000Z","https://cloudflare.com/dpa",""
"cloudflare.com","2025-10-13T00:00:00.000Z","https://cloudflare.com/legal/dpa",""
"cloudflare.com","2025-10-13T00:00:00.000Z","https://cloudflare.com/data-processing-addendum",""
"checkout.com","2025-10-13T00:00:00.000Z","https://checkout.com/.well-known/security.txt",""
"checkout.com","2025-10-13T00:00:00.000Z","https://checkout.com/legal/privacy",""
"checkout.com","2025-10-13T00:00:00.000Z","https://checkout.com/plans",""
"checkout.com","2025-10-13T00:00:00.000Z","https://checkout.com/pricing",""
"checkout.com","2025-10-13T00:00:00.000Z","https://checkout.com",""
"checkout.com","2025-10-13T00:00:00.000Z","https://checkout.com/data-processing-addendum",""
"checkout.com","2025-10-13T00:00:00.000Z","https://checkout.com/legal/dpa",""
"checkout.com","2025-10-13T00:00:00.000Z","https://checkout.com/dpa",""
"chargebee.com","2025-10-13T00:00:00.000Z","https://chargebee.com/.well-known/security.txt",""
"chargebee.com","2025-10-13T00:00:00.000Z","https://chargebee.com/legal/privacy",""
"chargebee.com","2025-10-13T00:00:00.000Z","https://chargebee.com/plans",""
"chargebee.com","2025-10-13T00:00:00.000Z","https://chargebee.com/pricing",""
"chargebee.com","2025-10-13T00:00:00.000Z","https://chargebee.com",""
"chargebee.com","2025-10-13T00:00:00.000Z","https://chargebee.com/dpa",""
"chargebee.com","2025-10-13T00:00:00.000Z","https://chargebee.com/data-processing-addendum",""
"chargebee.com","2025-10-13T00:00:00.000Z","https://chargebee.com/legal/dpa",""
"canva.com","2025-10-13T00:00:00.000Z","https://canva.com/.well-known/security.txt",""
"canva.com","2025-10-13T00:00:00.000Z","https://canva.com/legal/privacy",""
"canva.com","2025-10-13T00:00:00.000Z","https://canva.com/plans",""
"canva.com","2025-10-13T00:00:00.000Z","https://canva.com/pricing",""
"canva.com","2025-10-13T00:00:00.000Z","https://canva.com",""
"canva.com","2025-10-13T00:00:00.000Z","https://canva.com/data-processing-addendum",""
"canva.com","2025-10-13T00:00:00.000Z","https://canva.com/dpa",""
"canva.com","2025-10-13T00:00:00.000Z","https://canva.com/legal/dpa",""
"braintreepayments.com","2025-10-13T00:00:00.000Z","https://braintreepayments.com/.well-known/security.txt",""
"braintreepayments.com","2025-10-13T00:00:00.000Z","https://braintreepayments.com/legal/privacy",""
"braintreepayments.com","2025-10-13T00:00:00.000Z","https://braintreepayments.com/pricing",""
"braintreepayments.com","2025-10-13T00:00:00.000Z","https://braintreepayments.com/plans",""
"braintreepayments.com","2025-10-13T00:00:00.000Z","https://braintreepayments.com",""
"braintreepayments.com","2025-10-13T00:00:00.000Z","https://braintreepayments.com/data-processing-addendum",""
"braintreepayments.com","2025-10-13T00:00:00.000Z","https://braintreepayments.com/dpa",""
"braintreepayments.com","2025-10-13T00:00:00.000Z","https://braintreepayments.com/legal/dpa",""
"box.com","2025-10-13T00:00:00.000Z","https://box.com/.well-known/security.txt",""
"box.com","2025-10-13T00:00:00.000Z","https://box.com/legal/privacy",""
"box.com","2025-10-13T00:00:00.000Z","https://box.com/plans",""
"box.com","2025-10-13T00:00:00.000Z","https://box.com/pricing",""
"box.com","2025-10-13T00:00:00.000Z","https://box.com",""
"box.com","2025-10-13T00:00:00.000Z","https://box.com/legal/dpa",""
"box.com","2025-10-13T00:00:00.000Z","https://box.com/dpa",""
"box.com","2025-10-13T00:00:00.000Z","https://box.com/data-processing-addendum",""
"bitbucket.org","2025-10-13T00:00:00.000Z","https://bitbucket.org/.well-known/security.txt",""
"bitbucket.org","2025-10-13T00:00:00.000Z","https://bitbucket.org/plans",""
"bitbucket.org","2025-10-13T00:00:00.000Z","https://bitbucket.org/pricing",""
"bitbucket.org","2025-10-13T00:00:00.000Z","https://bitbucket.org",""
"bitbucket.org","2025-10-13T00:00:00.000Z","https://bitbucket.org/data-processing-addendum",""
"bitbucket.org","2025-10-13T00:00:00.000Z","https://bitbucket.org/dpa",""
"aws.amazon.com","2025-10-13T00:00:00.000Z","https://aws.amazon.com/.well-known/security.txt",""
"aws.amazon.com","2025-10-13T00:00:00.000Z","https://aws.amazon.com/legal/privacy",""
"aws.amazon.com","2025-10-13T00:00:00.000Z","https://aws.amazon.com/plans",""
"aws.amazon.com","2025-10-13T00:00:00.000Z","https://aws.amazon.com/pricing",""
"aws.amazon.com","2025-10-13T00:00:00.000Z","https://aws.amazon.com",""
"aws.amazon.com","2025-10-13T00:00:00.000Z","https://aws.amazon.com/legal/dpa",""
"aws.amazon.com","2025-10-13T00:00:00.000Z","https://aws.amazon.com/dpa",""
"aws.amazon.com","2025-10-13T00:00:00.000Z","https://aws.amazon.com/data-processing-addendum",""
"auth0.com","2025-10-13T00:00:00.000Z","https://auth0.com/.well-known/security.txt",""
"auth0.com","2025-10-13T00:00:00.000Z","https://auth0.com/pricing",""
"auth0.com","2025-10-13T00:00:00.000Z","https://auth0.com/plans",""
"auth0.com","2025-10-13T00:00:00.000Z","https://auth0.com",""
"atlassian.com","2025-10-13T00:00:00.000Z","https://atlassian.com/.well-known/security.txt",""
"atlassian.com","2025-10-13T00:00:00.000Z","https://atlassian.com/legal/privacy",""
"atlassian.com","2025-10-13T00:00:00.000Z","https://atlassian.com/plans",""
"atlassian.com","2025-10-13T00:00:00.000Z","https://atlassian.com/pricing",""
"atlassian.com","2025-10-13T00:00:00.000Z","https://atlassian.com",""
"atlassian.com","2025-10-13T00:00:00.000Z","https://atlassian.com/data-processing-addendum",""
"atlassian.com","2025-10-13T00:00:00.000Z","https://atlassian.com/legal/dpa",""
"atlassian.com","2025-10-13T00:00:00.000Z","https://atlassian.com/dpa",""
"asana.com","2025-10-13T00:00:00.000Z","https://asana.com/.well-known/security.txt",""
"asana.com","2025-10-13T00:00:00.000Z","https://asana.com/plans",""
"asana.com","2025-10-13T00:00:00.000Z","https://asana.com/pricing",""
"asana.com","2025-10-13T00:00:00.000Z","https://asana.com",""
"algolia.com","2025-10-13T00:00:00.000Z","https://algolia.com/.well-known/security.txt",""
"algolia.com","2025-10-13T00:00:00.000Z","https://algolia.com/legal/privacy",""
"algolia.com","2025-10-13T00:00:00.000Z","https://algolia.com/plans",""
"algolia.com","2025-10-13T00:00:00.000Z","https://algolia.com/pricing",""
"algolia.com","2025-10-13T00:00:00.000Z","https://algolia.com",""
"algolia.com","2025-10-13T00:00:00.000Z","https://algolia.com/data-processing-addendum",""
"algolia.com","2025-10-13T00:00:00.000Z","https://algolia.com/dpa",""
"algolia.com","2025-10-13T00:00:00.000Z","https://algolia.com/legal/dpa",""
"adyen.com","2025-10-13T00:00:00.000Z","https://adyen.com/.well-known/security.txt",""
"adyen.com","2025-10-13T00:00:00.000Z","https://adyen.com/legal/privacy",""
"adyen.com","2025-10-13T00:00:00.000Z","https://adyen.com/pricing",""
"adyen.com","2025-10-13T00:00:00.000Z","https://adyen.com/plans",""
"adyen.com","2025-10-13T00:00:00.000Z","https://adyen.com",""
"adyen.com","2025-10-13T00:00:00.000Z","https://adyen.com/legal/dpa",""
"adyen.com","2025-10-13T00:00:00.000Z","https://adyen.com/dpa",""
"adyen.com","2025-10-13T00:00:00.000Z","https://adyen.com/data-processing-addendum",""
"acme.com","2025-10-13T00:00:00.000Z","https://acme.com/plans",""
"_seed.com","2025-10-13T00:00:00.000Z","https://_seed.com/plans",""
"acme","2025-10-12T09:00:00.000Z","https://example.com/pricing","Updated pricing: Pro $59 → $69 on Oct 12, 2025."