vendor,score,recency_h,recent_changes,hv_changes,total_changes,hash_ratio,has_pack
adyen.com,100,7,23,19,31,0.065,1
algolia.com,75,7,7,7,15,0.133,1
google.com,37,103,0,4,8,0.75,1
newrelic.com,37,103,0,4,8,0.75,1
duo.com,35,103,0,4,8,0.625,1
stripe.com,35,103,0,4,8,0.625,1
box.com,30,103,0,4,8,0.375,1
checkout.com,30,103,0,4,8,0.375,1
helpscout.com,30,103,0,5,8,0.25,1
mailgun.com,30,103,0,4,8,0.375,1
gitlab.com,28,103,0,4,7,0.286,1
atlassian.com,27,103,0,4,8,0.25,1
aws.amazon.com,27,103,0,4,8,0.25,1
braintreepayments.com,27,103,0,4,8,0.25,1
canva.com,27,103,0,4,8,0.25,1
chargebee.com,27,103,0,4,8,0.25,1
cloudflare.com,27,103,0,4,8,0.25,1
confluent.io,27,103,0,4,8,0.25,1
contentful.com,27,103,0,4,8,0.25,1
domain,27,103,0,4,8,0.25,1
dropbox.com,27,103,0,4,8,0.25,1
elastic.co,27,103,0,4,8,0.25,1
fastly.com,27,103,0,4,8,0.25,1
figma.com,27,103,0,4,8,0.25,1
freshworks.com,27,103,0,4,8,0.25,1
globex.com,27,103,0,4,8,0.25,1
heroku.com,27,103,0,4,8,0.25,1
hubspot.com,27,103,0,4,8,0.25,1
intercom.com,27,103,0,4,8,0.25,1
linear.app,27,103,0,4,8,0.25,1
microsoft.com,27,103,0,4,8,0.25,1
mongodb.com,27,103,0,4,8,0.25,1
netlify.com,27,103,0,4,8,0.25,1
notion.so,27,103,0,4,8,0.25,1
okta.com,27,103,0,4,8,0.25,1
onelogin.com,27,103,0,4,8,0.25,1
paddle.com,27,103,0,4,8,0.25,1
recurly.com,27,103,0,4,8,0.25,1
salesforce.com,27,103,0,4,8,0.25,1
sanity.io,27,103,0,4,8,0.25,1
sentry.io,27,103,0,4,8,0.25,1
snowflake.com,27,103,0,4,8,0.25,1
twilio.com,27,103,0,4,8,0.25,1
vercel.com,27,103,0,4,8,0.25,1
zendesk.com,27,103,0,4,8,0.25,1
zoho.com,27,103,0,4,8,0.25,1
bitbucket.org,26,103,0,3,6,0.333,1
github.com,26,103,0,2,3,1,0
monday.com,26,103,0,2,2,1,0
status.asana.com,26,103,0,2,2,1,0
status.atlassian.com,26,103,0,2,2,1,0
status.box.com,26,103,0,2,2,1,0
status.chargebee.com,26,103,0,2,2,1,0
status.datadoghq.com,26,103,0,2,2,1,0
status.dropbox.com,26,103,0,2,2,1,0
status.duo.com,26,103,0,2,2,1,0
status.elastic.co,26,103,0,2,2,1,0
status.figma.com,26,103,0,2,2,1,0
status.helpscout.com,26,103,0,2,2,1,0
status.hubspot.com,26,103,0,2,2,1,0
status.mailgun.com,26,103,0,2,2,1,0
status.monday.com,26,103,0,2,2,1,0
status.mongodb.com,26,103,0,2,2,1,0
status.newrelic.com,26,103,0,2,2,1,0
status.postmarkapp.com,26,103,0,2,2,1,0
status.render.com,26,103,0,2,2,1,0
status.segment.com,26,103,0,2,2,1,0
status.sendgrid.com,26,103,0,2,2,1,0
status.sentry.io,26,103,0,2,2,1,0
status.snowflake.com,26,103,0,2,2,1,0
status.supabase.com,26,103,0,2,2,1,0
status.twilio.com,26,103,0,2,2,1,0
status.zoho.com,26,103,0,2,2,1,0
datadoghq.com,25,103,0,3,7,0.286,1
miro.com,25,103,0,3,7,0.286,1
supabase.com,25,103,0,3,7,0.286,1
sendgrid.com,24,103,0,3,4,0.75,0
_seed.com,23,103,0,1,1,1,0
acme.com,23,103,0,1,1,1,0
help,23,103,0,1,2,1,0
status.help,23,103,0,1,1,1,0
acme,23,127,0,1,1,1,0
render.com,22,103,0,3,3,0.667,0
asana.com,19,103,0,3,4,0.5,0
auth0.com,19,103,0,3,4,0.5,0
slack.com,19,103,0,3,4,0.5,0
status.adyen.com,19,103,0,2,3,0.667,0
status.algolia.com,19,103,0,2,3,0.667,0
status.auth0.com,19,103,0,2,3,0.667,0
status.aws.amazon.com,19,103,0,2,3,0.667,0
status.bitbucket.org,19,103,0,2,3,0.667,0
status.braintreepayments.com,19,103,0,2,3,0.667,0
status.canva.com,19,103,0,2,3,0.667,0
status.checkout.com,19,103,0,2,3,0.667,0
status.cloudflare.com,19,103,0,2,3,0.667,0
status.confluent.io,19,103,0,2,3,0.667,0
status.contentful.com,19,103,0,2,3,0.667,0
status.domain,19,103,0,2,3,0.667,0
status.fastly.com,19,103,0,2,3,0.667,0
status.freshworks.com,19,103,0,2,3,0.667,0
status.github.com,19,103,0,2,3,0.667,0
status.gitlab.com,19,103,0,2,3,0.667,0
status.globex.com,19,103,0,2,3,0.667,0
status.google.com,19,103,0,2,3,0.667,0
status.heroku.com,19,103,0,2,3,0.667,0
status.intercom.com,19,103,0,2,3,0.667,0
status.linear.app,19,103,0,2,3,0.667,0
status.microsoft.com,19,103,0,2,3,0.667,0
status.miro.com,19,103,0,2,3,0.667,0
status.netlify.com,19,103,0,2,3,0.667,0
status.notion.so,19,103,0,2,3,0.667,0
status.okta.com,19,103,0,2,3,0.667,0
status.onelogin.com,19,103,0,2,3,0.667,0
status.paddle.com,19,103,0,2,3,0.667,0
status.recurly.com,19,103,0,2,3,0.667,0
status.salesforce.com,19,103,0,2,3,0.667,0
status.sanity.io,19,103,0,2,3,0.667,0
status.slack.com,19,103,0,2,3,0.667,0
status.stripe.com,19,103,0,2,3,0.667,0
status.vercel.com,19,103,0,2,3,0.667,0
status.zendesk.com,19,103,0,2,3,0.667,0
status.zoom.us,19,103,0,2,3,0.667,0
zoom.us,19,103,0,2,3,0.667,0
postmarkapp.com,16,103,0,2,4,0.5,0
segment.com,16,103,0,3,6,0.333,0
status.acme.com,0,103,0,0,1,0,0